empty,1, احسن الله اليكم سنقف صفا واحد لمحاربه من ظلموا النمر هنيئا لك الشهاده,both
empty,2, ارض الوطن مما جرا مستبشره تقول هم انزاح يا نمر النمر ما انت بنمر جتك النمور مكشره يوم الوطن ناداه ما منت عمر <U+2712><U+FE0F> تنفيذ_ال ,both
empty,1, استشهاد_ايه_الله_النمر اسال الله الكريم رب العرش العظيم ان يدخلك جنه الفردوس الاعلى ي شيخ نمر النمر حسبي الله وكفى ,both
empty,1, اعدام الشيعي نمر النمر مطلب شعبي وديني ووطني,both
empty,1, الاسم نمر النمر التهمه مسلم شيعي رافضي الحكم اعدام السبب كلام الحق النتيجه انتصار الدم على السيف استشهاد_النمر ,both
empty,1, الحمدلله تم تنفيذ القصاص بذيخ خامئني نمر النمر وليموت الروافض بغيضهم ولسيف في انتظار باقي القطيع,both
empty,1, الشيخ النمر رجل واحد فقط يرعب دوله باكملها الشيخ_النمر_شهيدا ,both
empty,2, الشيخ النمر قبل ان يكون شيعيا هو على مذهب الانسانيه و قد قتل على يد مذهب الشيطان,both
empty,1, الشيخ النمر هو الشهيد الذكي ضرب اعناقهم بملايين السيوف لحظه ضربوا عنقه بسيف واحد لقد رد لدواعش ال سعود الصاع ملايين الصاع ,both
empty,1, الله دمر ال سلول ورحم الله شهيدنا النمر وكل شهداا سوريا,both
empty,2, النمر سعودي متمرد وقاتل وتم تنفيذ حكم الشرع فيه ايران اوص ولا كلمه هو امر يخص دوله السعوديه حفظها الله ,both
empty,1, النمر شهيد لانه قال لا للحكام الفاسدين سيكون دمه كدم حسن شحاته ان شاا الله ,both
empty,1, النمر م هو بنمر الله يعز دولتنا ,both
empty,2, امر اعدم الشيخ المجاهد البطل نمر النمر اتى بامر عملاني اسرائيلي امريكي الهدف تاجيج الفتن وال سعود اداه تنفذ ولا تفكر ,both
empty,1, ان كنت اكرهكم مره اليوم اكرهكم الف مره رحم الله شهيد الامه الاسلاميه سماحه العلامه نمر النمر ,both
empty,7, ان كنتم تملكون فرعونا في ظلمكم اننا نملك الحسين في تضحيتنا الشهيد الشيخ نمر باقر النمر ,both
empty,1, ان لله وان اليه راجعون نعزي صاحب العصر والزمان باستشهاد الشيخ الجليل نمر باقر النمر على ايدي انجس خلق الله ال سعود ,both
empty,3, انا الله وانا اليه راجعون نعزي الامه الاس<U+FEFB>ميه بستشهاد المجاهد شيخ النمر باقرنمر سيعلم الذين ظلمو اي منقلبن ينقلبون ,both
empty,2, انا المواطن الكويتي نايف_الهاجري اعلن تاييدي وتضامني مع المملكه في قصاص المجرم القذر نمر النمر وكل الارهابيين امن_ا ,both
empty,1, انتبه لنفسك تغريدتك هذه تدينك ومن سمح لك انت وهم بان تتكلمو باسم الشعب السعودي السلماني الحازم يااذناب ,both
empty,1, تم اعدام نمر النمر شيعي فارس ال شويل سني كفاكم فتنه مو شغلكم في شؤون الدوله الداخليه,both
empty,1, حال المجوس بعد حكم القصاص في نمر النمر واتباعه الخونه اليوم كفووو السعوديه وكفووو ال سعوود <U+2764><U+FE0F> اسد_السنه_سلمان ,both
empty,1, دماا الامام الحسين اطاحت ملك بني اميه وهدمته ودماا الشيخ النمر ستهدم ملك ال سعود وتهدمه انتصار الدم على السيف,both
empty,3, دمك الثوره ثبات الشيخ النمر على حقه حتى الشهاده سيهدم باطل ال سلول الشيخ_النمر_شهيدا ,both
empty,1, رحم الله الشيخ النمر واللعنه على ال سعود,both
empty,2, رحمك الله يا ايها النمر الى جنات الخلد الا لعنه الله على الظالمين ,both
empty,1, سلمان الحزم وباكل حزم بالحنكه والحكمه والعزم دعس ع خشوم الروافض قصاص _ نمر النمر,both
empty,1, سنضحي من اجل كل شيا من اجل كرامتنا <U+270F> ايه الله النمر استشهاد_النمر الشراره التي ستوقد نار الثوره ضد ال سعود الموت_لال ,both
empty,3, شعب قطيف بطل الي الامام لاتراجع النمر حيقود ثوره ميتا ياكلاب ال سعود ,both
empty,1, عوفك منها جمهور النمر الضاهر كلهم كحاب تحيه للملك سلمان من العراق الجريح ونريد مزيد اضربو بيد من حديد,both
empty,1, كل ارض كربلاا وكل يوم عاشوراا النمر الشهيد السعوديه_مملكه_داعش السعوديه ,both
empty,1, مدينه_مشهد اللهم احفظ اخواننا السعوديين في القنصليه من عبث المجوس اعلم يامواطن لمن ينمتي نمر النمر,both
empty,1, نبارك المملكه العربيه السعوديه بقطع راس الفتنه المجرم نمر النمر ونطالب بعدم دفنه بارض الحرمين,both
empty,1, نعم الله تتوالى علينا وهذه المره مع اعدام عدو الله ورسوله صلى الله عليه وسلم الرافضي نمر النمر الذي طالما اذى اهل ال ,both
empty,17, نمر_النمر رفسنجاني دماا الشيخ النمر ستنقذ العالم الاسلامي من فراعنه العصر اصدر رئيس مجمع تشخيص مصلحه النظام ,both
empty,1, هنيا لك الشهاده يا شيخ النمر والخزي والعار الى ال سعود الشيخ_النمر_شهيدا ,both
empty,1, والله استغربت نمر النمر مع ال شويل وش جاب مشرك مع موحد ,both
empty,1, يبقى النمر نمرا لو عدم ويبقى الكلب كلبا لو عاش ان الموت لنا عاده وكرامتنا من الله الشهاده الشيخ_النمر_شهيد,both
empty,1,الشيخ النمر في عليين ارعبهم حيا وسيقظ مضاجعهم ميتا مملكه ابو جهل الى الزوال اعدام النمر جريمه لن تغتفر الموت لال اميه الجدد ,both
empty,1,رحمك الله يا انقى نفس وازكاها واتقاها انك بقيت صامد على دين الحق ومن اتباع اهل بيت رسول الله النمر اللهم العن ال سعود وكل الحكومه السعوديه,both
empty,1,سل سيفك يابوفهد رايك صواب يسعدك ربي على هذا الامر اول ايام السنه ذبح الكلاب و اول المعنيين هو نمر النمر,both
empty,1,عاجل مجلس علماا السنه في العراق اعدام الشيخ النمر سوف يوحد الشيعه والسنه ويسقط ال سعود,both
empty,1,لاتحسبون الذين قتلو في سبيل الله اموات بل احياا عنده ربهم يرزقون صدق الله العظيم استشهاد الشيخ النمر نهايه ال سعود الوهابيه الخونه,both
empty,1,نبارك للامه الاسلاميه قصاص الخبيث نمر النمر اللهم لك الحمد ,both
empty,1,وسيعلم الذين ظلموا اي منقلب ينقلبون كلنا نمر النمر ,both
empty,1,وهل المطالبه بالحريه والامن ارهاب يالكم من سفله فعلا حياه باقيه لروحك ايها الطاهر النمر,both
M672113991737597952,1, رجال_الحد_الجنوبي اسفي الشديد ان ينشغل بعض افراد المجتمع بتفاهات وخلافات تصرف النظر عن الحفاوه بانتصاراتكم وبطولاتكم والدعاا لكم ,both
M672142256896389120,1, رجال_الحد_الجنوبي حتى وان تجاهلت مجموعه ال mbc وقناه العربيه اليهوديه فبسطار هذا الجندي اشرف واطهر ممن يعلمون بها ,both
M672098011623878656,2, رجال_الحد_الجنوبي ربوعه اعلامنا_ينسي_ابطالنا رجال لايخافون الموت اشداا على الاعداا رحماا بينهم رفع الله رايتهم ,both
M666213048441532416,1, مايحدث في سوق الاسهم شي لا يرضى الغريب صمت هيئه سوق المال وكان هذا الانهيار لا يعنيهم الامل بالله ثم بسمو الامير محمد بن س ,both
M666255715577823232,1,اذا ابعاده مقنع حنا معه لكن اذا هو تدخل من اطراف ثانيه يجب على محمد بن سلمان التدخل وانقاذ رياضتنا من هذا العبث مارفيك_يبعد_السهلاوي,both
M667637550937456640,2, الان راح يشتغلون صح ويحاربون داعش بجد,both
M667619928099454976,1, التصحيح هو ان التدخل_الروسي ساعد في حمايه الشعب_السوري من براثن الارهابين من النصره و داعش,both
M667621256703840256,1, القبض_على_خليه_تنظيم_داعش_بالكويت اللهم احصهم عددا واقتلهم بددا ولا تبق منهم احدا اللهم احفظ البلاد والعباد من شر ومكائد اعدا ,both
M667620392245338112,1, حفظ الله دوله الكويت الشقيقه من شر الاشرار وكيد الفجار اللهم احفظ الكويت من مرتزقه داعش كلاب النار ومن مرتزقه حزب الشي ,both
M667622482447351808,1, حمى الله قطر الحبيبه والحليفه لبلادي السعوديه حنا فاهمين لعبه الغرب هي الصاق دعم داعش بالسعوديه وقطر ,both
M667630324600324096,3, مع_الكويت_ضد_الارهاب اللهم احفظ الكويت واهلها لكن مهم ان نعرف كيف وصلت داعش الكويت وانتشرت بهذا الشكل المخيف مع ان الكو ,both
M667634014132523008,1, هم فقط مجاهدي دير الزور لم يعطو الدنيه ويبايعو داعش وبقو على جهادهم وهجرو الاهل والا اعطوني اسم مدينه لم تستسلم للدواعش بال ,both
M667623860485955584,1, هناك اجماع من الزعماا العرب على محاربه داعش لكن للاسف لا يوجد اجماع على اسقاط نظام الاسد او دحر المليشيات الشيعيه من سوريا ,both
M667616222809300992,1,الله يحفظ الكويت من شر الفتن وشر الحاقدين وكل من يمول العصابه المجرمه اميرها امير المحبه خليه_داعش_في_الكويت ,both
M667628429731168256,1,اللهم احفظ الكويت واهلها من كل مكروه اللهم عليك بالخونه ومن يعاونهم القبض_على_خليه_تنظيم_داعش_بالكويت,both
M667622798089678848,1,جمعه مباركه لجميع المسلمين ما عدا اتباع داعش قاتلهم الله,both
M667626735287058432,1,ها انت تعترف داعش لم يستحل شبر من اراضي الروافض مع ذلك سحقناهم في اغلب المناطق السنيه والقادم ادهى وامر ,both
M666945670834749440,1, انتقدت رئيس فرنسا بشده وكثير غيري ينتقد الحكومه في الاعلام الفرنسي بعد هجمات_باريس ولم يتهمنا احد بالخيانه او طلب ال ,both
M666945007673323520,1, بلد الجمال والفن والحب يتعرض لهجمات شرسه عندما يحضر الجهل والتطرف يغيب الامن وتتقهقر الحضاره ويعبس وجه الانسانيه ,both
M666947582837567488,3, زهير شاب انقذ حياه 80 الف فرنسي يتجاهله الاعلام لانه مسلم هجمات_باريس ,both
M666935622737752064,1, عذرا فرنسا نحن حزينون على مصابكم لكننا حزينون على جرائمكم اكثر مالي هجمات_باريس ,both
M666959625418358784,1, فيديو جماهير تركيه ترفض الحداد على ضحايا هجمات_باريس وتردد الله اكبر رفضت جماهير تركيا الوقوف قبيل مباراه ,both
M666938065592688640,9, هجمات باريس شفت صدر المسلم المقهور شفى الله صدوركم يا جند الخلافه اقمتم الجهاد وحطمتم الصليب المجرم الذي استباح دمائنا ول ,both
M666951907454402560,1,البطله دييزل لم تنجو هجمات_باريس ,both
empty,1, اذا الشيعه يفتخرون باعدام الشهيد صدام حسين اول عيد الاضحى فنفتخر كسنه بالقصاص من القذر نمر النمر بدايه السنه تنفيذ_ال ,both
empty,1, ال_سعود الله يعز حكامنا ال سعود وينصر ملكنا سلمان على كل من يعادي الاسلام من الرافضه ابناا المتعه حمير اليهود سددك الله في قتل النمر,both
empty,2, انا المواطن الكويتي نايف_الهاجري اعلن تاييدي وتضامني مع المملكه في قصاص المجرم القذر نمر النمر وكل الارهابيين امن_ا ,both
empty,1, بمقارنه سريعه بين نظام ال سعود ونظام السيسي نلاحظ ان غباا ال سعود وذكاا السيسي مع المعتقلين المعارضين اعدام_الشيخ_ النمر,both
empty,1, تنفيذ_القصاص_علي_47_ارهابي هنا الفرق بين السنه والشيعه الشيعه يتباكون على معممهم نمر النمر السنه فرحين بقتل واستاصال الارها ,both
empty,1, فرق بين العميل محمد النمر وبين هذا الصقر اطال الله بعمره على طاعه الله,both
empty,2, كلما ازددتم قتلا واعتقالا سنزداد صبرا وصمودا ومقاومه لكم ايها الطغاه <U+270F>ايه الله النمر ,both
empty,1, لعنه لله علئ قناه عبريه ومن يساندها وحشرهم الله مع اعداا نبي الرحمو والنصر والخلود لشهيد الحريه الشيخ النمر,both
empty,1,الحمد لله قتلنا نمر النمر وربي الكعبه هذه مقوله في فتح بلاد فارس والان تتكرر مع هذا الخبيث ذيل الكلب الشيخ_النمر_شهيدا,both
empty,1,السلام علئ شيخ النمر وخزي والعارلعداا الدين المحمدي الداخليه_السعوديه ,both
empty,1,الشيخ النمر هنيئا لك الشهاده ال سلول انتم زائلون لا محاله فالنرتقب و ترتقبون و ننظر لمن الفلج يا ابناا ال ,both
empty,1,بصراحه لاتزعل مني كان يوم سعيد لانه كلب ومات يوم الي نفرح بيك وبهادي ونوري ومقتدى وقيس وغيرهم من القتله بيوم واحد ,both
empty,1, احفاد هند وابو لهب وابو سفيان ومعاويه ويزيد عبده اللات والعزى اولاد السفاح فرحوا باستشهاد الشيخ نمر النمر رحمه الله ,both
empty,1, الا لعنه الله عليكم يا ال سلول وهنيئا لك الشهاده والالتحاق بقافله العشق الحسيني ياشيخ نمر النمر,both
empty,1, السعوديه تعدم الارهابيين على راسهم نمر النمر كفو عليكم يا رجال ال سعود ولا عزاا لكلاب ايران,both
empty,16, الشهيد الشيخ نمر مصداق لصرخه كلمه الحق في وجه طاغوت ظالم مثل ال سعود الشهيد النمر سيبقى هو صوت الرافضي للظلم ,both
empty,1, امل_الشعب نزف لكم نبا استشهاد سماحه ايه الله المجاهد الشيخ نمر باقر النمر بعد تنفيذ حكم الاعدام الجائر بحقه ,both
empty,1, ان كان نمر النمر مضلوما فالله سينصره ولو بعد حين وكلنا ثقه على ذلك وان كان يستاهل القصاص فعقابه اخذه دمت بود,both
empty,12, انا المواطن الكويتي نايف_الهاجري اعلن تاييدي وتضامني مع المملكه في قصاص المجرم القذر نمر النمر وكل الارهابيين امن_ا ,both
empty,1, محمد المحمود كاتب صحفي عرف بتعاطفه مع الشيعه وبغضه للسنه لم يعلق على قتل نمر النمر على صحفنا المحليه ان تميز بين الن ,both
M669304724668071936,1, ابومتعب مرحلته ستظل فارقه وناصعه ووجوهم هي السوده والداكنه قاسم_يهاجم_الملك_عبدالله,both
M669305173152542720,3, ابومتعب مرحلته ستظل ناصعه وجوههم ستظل سوداا داكنه قاسم_يهاجم_الملك_عبدالله,both
M671594245548056576,1, الله يرحم ابو متعب ويجعل مثواه الجنه قاسم_يهاجم_الملك_عبدالله الاخوانجي قاسم الرخيص وراعي الاهداف القذره الحقبه الداكنه ما ,both
M669388567219671040,1, الله يرحم عبد الله بن عبدالعزيز وجميع موتالمسلمين مادرينا عنك ولا نعرفك ياقاسم يابقه بالدعيس ياطقعه حمدا قاسم_يهاجم_الملك ,both
M669303664713064448,7, الله يرحم ملكنا افضى الى ربه وما يخطي بحق الموتى الا سفيه ما عنده ذره من اصاله العرب فضلا من مخافه الله قاسم_يهاجم_الملك_عبدالله,both
M669306100097916928,3, الملك عبدالله دخل قلوب كل السعوديين وقاسم وامثاله من الاخونجيه دخلوا مزبلهالتاريخ من اوسع ابوابها قال الشثري قال قاسم_ ,both
M669462503445946368,1, قاسم_يهاجم_الملك_عبدالله ابومتعب سخر حياته لخدمه الامه العربيه و الاخونجيه سخروا اقلامهم لتشتيت الامه وتفكيكهم ماي ,both
M669337770272415744,1, قاسم_يهاجم_الملك_عبدالله رحمك الله كنت ومازلت وستبقى تسكن في قلب كل فرد سعودي ولايهمنا نبح الكلاب ,both
M669319466111602688,1, قاسم_يهاجم_الملك_عبدالله سبحان الله الذي جعل حب الملك عبدالله بشغاف قلوب الاغلبيه العظمى من شعبه الابي لعن الله المجنسين الخونه للوطن,both
M673328525957574656,3, حصار_غزه_جريمه_اباده الله ينصركم ويذل من خذلكم حسبي الله ونعم الوكيل ,both
M673343765562712064,2, حصار_غزه_جريمه_اباده اللهم عجل بنصرهم اللهم اهلك اليهود,both
M673565928848826368,2, حصار_غزه_جريمه_اباده اللهم فرج همهم وانتقم ممن خذلهم,both
M673316887422500864,1, حصار_غزه_جريمه_اباده غزه وضعت في الشرق العربي لاهانه جميع العرب ولكنها رفعت رؤوسنا واثبتت انها حره لاترضخ لجبروت اليهود والمتهودين,both
M673353731849756672,1, غدا ان شااالله نفرح سويا بهلاك السيسي وعصابته حصار_غزه_جريمه_اباده,both
M673359855353204736,1,اللهم انصرهم وفرج عنهم وارنا في اليهود واعوانهم عجائب قدرتك وزلزل الارض من تحت اقدامهم واقذف الرعب في قلوبهم امين حصار_غزه_جريمه_اباده,both
M673369250434826240,1,غزه رمز العزه والكرامه يا حكام الخزي والعار حصار_غزه_جريمه_اباده,both
empty,1, استشهاد_بدر_حمدي_الرشيدي الله يرحمه ويصبر اهله وحسبي الله على داعش ومن والاهم داعشي_يقتل_ابن_عمه,both
empty,1, اعدام الارهابي نمر النمر نصر لكل دول الخليج والمملكه العربيه السعوديه والامه الاسلاميه والله يحفظك يا سلمان الحزم ,both
empty,2, الشيخ نمر النمر طلب الشهاده بقول الحق انه شهيد الكلمه الحره في وجه نظام قمعي متسلط يحكم بدون شرعيه تمثل الشعب الشيخ_النمر_ ,both
empty,1, ان تحتج امريكا او اوروبا على اعدام النمر امر مقبول نوعا ما ولكن الغير المقبول احتجاج ايران وهي التي تنفذ الاعدامات يومي ,both
empty,1, رحمك الله يا ايها النمر الى جنات الخلد الا لعنه الله على الظالمين ,both
empty,1, رحمك الله ياشيخ نمر باقر النمر ولعن الله كل ضالم من السعود الكلاب المرتزقه الانجاس,both
empty,1, مع نفسك انت وعائلتك انا ما تفاجات بالعكس فرحت وانبسطت واستانست واحتفلت باعدام الارهابيين واولهم الكلب الخائن العميل نمر النمر,both
empty,2, من دواعي سرورنا انزعاج اذناب ايران من فصل راس الارهابي نمر النمر القصاص_من_الارهابيين تنفيذ_القصاص_علي_47_ارهابي ,both
empty,1, هنيا لك الشهاده يا شيخ النمر والخزي والعار الى ال سعود الشيخ_النمر_شهيدا ,both
empty,1, هههههه والله نهايتكم بقتل اشرف اهل السعوديه الشهيد النمر ياحثاله انتم والعائله القذره من ال سعود,both
empty,1, النمر ركب في رحل الحسين معناه انه حيا حياه جديده في صحف التاريخ المشرف اما هؤلاا فهم في كنف يزيد وسيقبرون في المزبله,both
empty,1, بل المجتمع السعودي سعيدا جدا بنتف راس هذا المجرم و العاقبه لك لانك مؤيد لهذا العميل الخارجي ,both
empty,4, رحمك الله يا ايها النمر الى جنات الخلد الا لعنه الله على الظالمين ,both
empty,2, قصاص_نمر_النمر يشهد الله اني مافرحت بقتل احد قط لكن نمر النمر نوى بوطننا الشر وخطط للشر وتواصل مع عناصر الشر واراه لقي مغ ,both
empty,3, نعزي العالم الاسلامي والمراجع العظام في هذا اليوم الذي في استشهدا الشيخ النمر لعن الله قاتليك حداد الفاتحه ,both
empty,1, هنيا لك الشهاده يا شيخ النمر والخزي والعار الى ال سعود الشيخ_النمر_شهيدا ,both
empty,1,اللهم العن ال سعود بن مردخاي اليهودي ك<U+FEFB>ب اسرائيل والرحمه والغفران للشيخ المجاهد نمر باقر النمر ,both
empty,1,عليهم السلام القتل لهم عاده وكرامتهم من الله الشهاده رحم الله الشيخ النمر ولعن الله قاتليه ,both
M667482485505335296,1, الليله اوليله غد سيكون هناك بشاره من تعز العز فالحوفيش انهكا ولم يبق الا ازاله رجسهما من المحافظه تعز_تتحرر اعاد ,both
M667496624424267776,1, اليمن عدن هادي اراده الشعب ستنتصر وسيتم دحر القوى الظلاميه والانقلابيه التي لن يكون لها مستقرا او ملجئا ,both
M667634666241990656,1, اليمن لليمنيين لا احد يطمع فيها ارضا ولا اقتصادا وانما ان تعود في مسارها وحضنها الصحيح لعروبتها الحوثي و المخلوع سترى قريبا,both
M667561750007554048,1, انما النصر مع الصبر فلا داعي للترويج لانتصارات سريعه خياليه وبعضها كاذبه في تحرير تعز اليمن,both
M667518791417393152,11, اهل اليمن لهم من السماا نجمها ومن الكعبه ركنها ومن الشرف صميمها ومن الانساب رفعتها تطاول عليهم سفهاا قوم تحكم في نجد ,both
M667473754000384000,30, تعز بحمد الله تم اليوم التنكيل بالغزاه و المرتزقه في معسكر العمري ارض اليمن رملها بارود اليمن_مقبره_الغزاه ,both
M667497430066315264,30, رحمه الله تغشاك ولعنه الله على قاتليك الجبناا الحديده اليمن ,both
M667569086994456576,1, طفله يمنيه تحمل الماا بصعوبه وددت ان ادخل الشاشه لاساعدها اليمن السعيد يطل بحزنه اليمن ,both
M667473191095443456,1, عين اليمن بدماا الرجال تتحقق الانتصارات معسكر العمري في ذو باب بقبضه المقاومه_الجنوبيه وفرار من تبقى من ,both
M667494985315520512,1, قتلوا الانسان فعلا الايمان دمروا المباني فسمت المعاني صادروا الحريات فظهرت البطولات فلسطين سوريا اليمن مصر ال ,both
M667472612566704128,1, كان اليمن يعاني من كلمه حزب فانحذفت النقطه وصارت حرب ومازلنا متفائلون بحذف الراا لنعيش جميعا تحت كلمه حب الوطن ,both
M667614748754755584,1, لمن يسئال عني حالي كما هو حال صنعاا ان ابتسمت ابتسمت وان تضررت تضرر جسمي ونفسي اليمن تعز لو_قالوا_اختار_وظيفه ,both
M667533294213443584,1, ليس الفخر فى ان تقهر قويا بل ان تنصر ضعيفا انصروا فلسطين واتركو اليمن فلن تستطيعو عليها فا اليمن_مقبره_الغزاه ,both
M667520804897349632,4, نجران_الان اليمن خسائر الحوثي وقوات صالح خلال تسع اشهر ومتعوا انظاركم بالارقام الجميله ولازال العدد يرتفع ,both
M667575038598598656,1, هذا اخوي النقيب عبدالقادر البلوي في صوره حقيقيه في الميدان الله ينصرهم على الحوثيين وعفاش اذناب طهران في اليمن ,both
M667596652279001088,1, والحرب عليها اهتمام ام اهمال اليمن,both
M667528896582029312,6, وانتم ي ابطال اليمن تجتاحون مدن الذين بغو ف الارض ال سعوصهيون عليكم بقبور ال سعود سننبشها ونلفها بجلد خنزير نرسلها مصان ,both
M667533545066360832,38, يا الله تكالبت علينا الامم كما تتكالب الاكله على قصعتها ولا ناصر الا انت اللهم فانصر عبادك المستضعفين سوريا مصر ال ,both
M667602542986162176,1,الحوثي كسب علي صالح وخسر اليمن كلها ,both
M667599325623660544,1,السعوديه تحارب الحوثيين في اليمن وتسير قوافل اغاثه لليمن وبعمل بها اكثر من مليونين من ابنااه وتعمر ومع ذالك مذمومه اليمن,both
M667531607746748416,1,اللهم انصر اليمن واهلها واللعنه على ال_سعود الشهيد_عوض_المالكي حقيقه_تستحق_التامل ضحك الارهاب اللهم حجه حكم ,both
M667593533583400960,1,الى متى هذه الحرب مليون_صوره_من_الجرائم_السعوديه_في_اليمن الروضه العدوان_السعودي عبس مصدرك_الاول اليمن عاجل ,both
M667619380356861952,1,صح نوم ترا التحالف ثمره وقوف اهل السنه مع اليمن بعد هدم البيوت في دماج وهدم البيوت في سوريا الي جسده دعم السعوديه ودول العربيه اليمن,both
M667641628853731328,1,ويتواصل مسلسل الهزائم السعوديه وتتوالى انتصارات اليمن الاهلي مصر فيديو متى_تنفر تسبيح عطر_المؤمن الهلال ,both
empty,1, اللهم العن قاتلي الشيخ المجاهد نمر النمر ال يعود الانجاس الدواعش,both
empty,1, اللهم زلزل عرش ال سعود بحق محمد وال محمد الشهيد ايهالله العضمى نمر باقر النمر ,both
empty,1, اليوم اطفا الثالوث المشؤوم بيد زمره شاذه تلوذ بالحكومه السعوديه نورا اخرا من انوار المذهب وعلما وقائدا الا وهو الشهيد ال ,both
empty,1, اليوم انتصر النمر على اعداا الانسانيه واثبت دم النمر ان ال سعود حكام جهله لايفهمون غير لغه ا ,both
empty,1, امر اعدم الشيخ المجاهد البطل نمر النمر اتى بامر عملاني اسرائيلي امريكي الهدف تاجيج الفتن وال سعود اداه تنفذ ولا تفكر ,both
empty,1, سوف يلاحقكم دم الشهيد النمر يا ال سعود كما لحق دم ابن جبير للحجاج فهنيئا له الشهاده وحقت عليكم اللعنه الشهيد_النمر ,both
empty,1, عاجل وقفه غاضبه في مدينه كربلاا المقدسه احتجاجا على جريمه اعدام السلطات السعوديه لايه الله الشيخ نمر باقر النمر,both
empty,1, فتحوا على انفسهم باب جهنم دم الشيخ النمر لن يذهب هدرا هنيا لك ياشيخ النمر الشهاده ونلتها لكلمه حق ضد الظلم والجور ,both
empty,1, قتلتو الشيخ النمر وتريدهم يسكتون اي كلام هذا اعتبر قتلو ابوك بغير حق هل تقبل حرام هو كان مسالم الله يرحمه الموت لاال سلول,both
M666120388812939264,1, الحشد الشعبي مدافع عن ارضه ضد الدواعش اما داعش فهي حركه صهيونيه خارجيه ولايستوي من يدافع عن ارضه مع تلك الخنازير,both
M666282419729727488,2, سحقا لمن لا يقف مع البيشمركه الابطال في حربه المقدسه ضد داعش الحشد_الشعبي ,both
M666307352803545088,1, اتفضل وشوف طائراتكم ايش تسوي في اطفال ونساا اليمن وبعدين الحوثي دخل صنعاا ولله ماشفنا منه الا كل خير ,both
M666306190930907136,1, ماراح ننساها لهم حريم السلطان شرف لهم اقدام سلمان بن عبدالعزيز على اراضيهم القذره ,both
M666972727694204928,4, الله يحفظنا يا الادعم من هذا التنظيم الخبيث فبعد هجمات باريس فاليس هناك عاصمه بامان منهم اللهم ان استودعناك امن ,both
M666897486703906816,1, روحك العطره يا ايلان اطهر من ان يتضامن معها قتله الغرب وخونه الشرق هجمات_باريس اعتدااات_باريس ,both
M666913019755151360,2, سان_دوني الحمد لله بدا المجاهدين ينخصو عيشهم ولله الحمد عاااااجل بدا الرعب يدخل الى قلوبهم هجمات_باريس ,both
M667019886292549632,1, هجمات_باريس قالها حكيم العرب الملك عبدالله بن عبدالعزيز رحمه الله الارهاب سيضرب اوروبا ولكنهم تجاهلوا نصيحته وهاهم يتباكون,both