M664674117048758272,1, قال من شاهدك يابا الحصين قال اذنيبي مناحي جاه فتره بالاعمال الخيريه وسحبته على وجهه ببرنامج القمار الفراج قاضين منه,sarcasm
M667348057655255040,1, قنوات روتانا تتوقعون لو خوله_العنزي محققه المركز الاول على مستوى العالم بالدكتوراه ومحتشمه يستضيفونها لماذا_يا_خوله_العنزي,sarcasm
M667434698013057024,1, ما يخلون الواحد يتابع الدعايات كل شوي حاطين مسلسل ,sarcasm
M665591348876079104,1, مذيعه جديده اغتالت اللغه العربيه في موجز من خمس دقائق رجاا شكلوا لها الموجز ودعوها تتدرب عليه ,sarcasm
M667362247333801984,3, هذا اذا قالولك الدرعمه على وجههامذيعه خلصت المواضيع الي عندها وراحت تقول انا مع منع_الالعاب_في_السعوديه واهي ما ,sarcasm
M664827095135223808,1,اذا تعبت او تضايقت تتغير ملامح امي اشوف القلق بعيونها واضح بس القلق اللي اشوفه الحين عليها وهي تشوف زهره_القصر مرعب مرا توثمت بالامهات,sarcasm
M666216771507068928,1,المكتب اللي تجيب منه مذيعاتها ويييين مكاانه هههههههههههههههه,sarcasm
M666376610661212160,3, شركه_موبايلي موبايلي يا نزعجك والا تدفع 15 ريال ويحذرون قبلها من النصب والاحتيال ,sarcasm
M666197515881041920,1, فالحقيقه شي يدعو للضحك وتعجب في نفس الوقت موبايلي ترعى هذه الدوره المخصصه لتطوير تطبيقات ios ولا تطور تطبيقها الرسمي عليها,sarcasm
M666397039945752576,2, فتاه_تتعري_في_شركه_stc وضع شركه موبايلي و زين بعد هالفضيحه ,sarcasm
M666419466247475200,3, ماتلاحظون ان الملك سلمان من راح تركيا صار ينزل تغريدات ياحرام طلع مظلوم زينا بشبكه سوا وموبايلي سوا موبايلي,sarcasm
M666691169829523456,1, موبايلي الى متى وانا انتظر حين لقياك والى متى وظروفنا ما تندي ,sarcasm
M665701681766785024,1, موبايلي حقق الرقم القياسي في عدد الوقعات حقك عليا يا غالي ,sarcasm
M665240665153011712,2, موبايلي على رسايلها مابقي الا تشتغل خطابه ,sarcasm
M666197450533773312,1, يقولون خافت من السيل وهجت لمصر احد شاف اختها موبايلي,sarcasm
M664617723838767104,1,انا معرفش من غيرك كنت عملت ايه جمله ليها وجهين موجها الي موبايلي ,sarcasm
M665444598815305728,1,اناا اعرف نااس في الزمن داا شاااحن موبايلي اجدع منهم وربناا,sarcasm
M664210331296792576,1,حاجتين مفيهومش بركه 200 جنيه اتفكت و اخر 15 من البطاريه D موبايلي,sarcasm
M667473179816931328,1, 18 فتاه تتعرى في احد فروع شركه الاتصالات السعوديه ا شكلها تبي ايفون واشتراك نت سنه ببلاش ,sarcasm
M665869721057820672,1, اسرقي بسرعه بسرعه يوم الحساب اقترب,sarcasm
M665846188097314816,1, اعاده_النظر_في_الماده_77 بهذه الماده اصبح مجلس اداره الشركه مجلس عصابه STC,sarcasm
M665578028211245056,4, الى يومك هذا وهم يمنشنون بعض شعب يحب الاستهبال وسعه الصدر سوا ,sarcasm
M665221619535749120,1, اهنيك على سرعه النت ,sarcasm
M666383257777385472,2, بما اننا نمر في مرحله مقاطعه لمنتجات المراعي تتوقع تنتج حليب,sarcasm
M667349548126351360,1, تتلاعب بي ي قدعان مره 4g و مره E ,sarcasm
M665218111541485568,3, تسمع اغنيه حلوه مقطعه اسوا من انك تسمع اغنيه خايسه كامله ,sarcasm
M665526638709514240,1, تعلمك معنا الصبر وبعدين معكم,sarcasm
M665318675289800704,3, حسين الجسمي تكفى لاتخليها ,sarcasm
M666399273681035264,1, فتاه_تتعري_في_شركه_stc الاتصالات_السعوديه حياه اسهل ,sarcasm
M664881334792359936,4, ليتهم مكملين الرساله ومافيه احد يحق له يسرقك الا حنا ,sarcasm
M664871575812882432,1, موبايلي وغيرها من شركات الاتصالات يسوون هدايا على سيارات لمبرغيني بملايين ثم يقفلون تطبيقات المكالمات زين هذا دليل الصدق ,sarcasm
M666140388315500544,1, هذا ما تتوقعه شركه المتطوره ههههههه الناس للقمر تطلع والشركه للارض تنزل,sarcasm
M665278001375002624,1, هذه السلحفاه هلت الدموع فرحا عندما علمت بانها اسرع من النت في ال stc ,sarcasm
M666197450533773312,1, يقولون خافت من السيل وهجت لمصر احد شاف اختها موبايلي,sarcasm
M664814685636677632,1,Stc راسلين لي رساله محتواها احذر من عمليات النصب شر البليه مايضحك ,sarcasm
M665514189859987456,1,اسرع نت بل عالم نتي وش تبون اسوي عشان يكون النت سريع قولو بس لو تبون 1000 ريال الانترنت سرعه_الاتصال الاتصالات_السعوديه,sarcasm
M664450888388472832,1,المفروض شعاركم داتا خطوه خطوه داتا خطي العتبه مع الموسيقى التصويره هذه كلمه_لشركات_الاتصالات,sarcasm
M667643941026725888,1,سؤال ل تتوقعون متى راح يخلص التحميل ,sarcasm
M665949581134401536,1,شركات الاتصالات بالسعوديه جميعها شعارها المشترك تحلى بالصبر ,sarcasm
M667323179631816704,1,من قوه الاتصال صار النت يعلق شكرا STC ,sarcasm
M666592338664398848,1,والله مع احترامي الشديد وحبي الخالص شبكتكم المخيسه ,sarcasm
M667519668228370432,1,وبكت السلحفاه فرحا عندما علمت انها اسرع من النت في السعوديه نص_ميقا ,sarcasm
M667464918631899136,1,ياشركه الاتصالات لو سمحتوا سكروا المودم وشغلوه مره ثانيه ,sarcasm
M666610112954544128,4, 18 فتاه تتعرى في احدى فروع شركه الاتصالات_السعوديه STC اكيد تبي توصل ال 4G لديودها من كبره ,sarcasm
M665343728396148736,3, الاتصالات_السعوديه نضمن لك نت بس مانضمن لك يشتغل,sarcasm
M666399273681035264,1, فتاه_تتعري_في_شركه_stc الاتصالات_السعوديه حياه اسهل ,sarcasm
M666337711519854592,1, ما شاا الله فهد وحمدي ومحمد خدمه الاتصالات_السعوديه متى تعود للعمل ب حقل,sarcasm
M664069596278865920,1, هذي نهايه مسابقه الحلم الاتصالات_السعوديه ,sarcasm
M665395498883391488,1, والله مايصلح لهم غير طريخم الاتصالات_السعوديه ,sarcasm
M664791874583011328,1, وفي كم واحد ظريف قاعد يطقطق معي ويقول انه سعيد بهذا كانه يشتغل في الاتصالات_السعوديه طقطيقه مو خدمه عملاا,sarcasm
M665514189859987456,1,اسرع نت بل عالم نتي وش تبون اسوي عشان يكون النت سريع قولو بس لو تبون 1000 ريال الانترنت سرعه_الاتصال الاتصالات_السعوديه,sarcasm
M664732832791662592,1,ههههههههههههههههههههههههههههههههههه لاتعليق موبايلي الاتصالات_السعوديه ,sarcasm
M673867588410187776,7, االكلباني زعلان ع انترنت_السعوديه_ضعيف و stc شغالين ع المريخ _ ,sarcasm
M673860408554496000,3, اتمني من نزاهه زياره STC انترنت_السعوديه_ضعيف,sarcasm
M673805876034199552,1, اعطيكم نكته ارسلت صوره للبيت اناوصلت والصورهماوصلت انترنت_السعوديه_ضعيف المواصلات_اسرع_من_الاتصالات ,sarcasm
M673792717844033536,1, اعطيني ال 15 دي واعطيكي كيس مليان فورجيهات ورواوترات قيمتهم بالالاف و اقل واحد سرعتو 100 ههههه حسب كلامهم انترنت_السعوديه_ضعيف,sarcasm
M673798457518374912,1, اعوذ بالله ليه دايم تطلعون اشاعات علينا النت عندنا صاروخ خصوصا stc الله لايوفقهم انترنت_السعوديه_ضعيف,sarcasm
M673820951302283264,3, الا يحتضر ماهو بس ضعيف خلونا نتقاط ونفتح شركه وننافس stc انترنت_السعوديه_ضعيف,sarcasm
M673809967510614016,4, الرجاا من جميع الشعب السعودي يطفي المودم ويرجع يشغله بعد عشر ثواني انترنت_السعوديه_ضعيف,sarcasm
M673823800392359936,3, السرعات مقبوله ولكن الاستخدام العادل دمرها تحمل 2 جيجا و السرعه تصير 10 كيلو بايت ههههه انترنت_السعوديه_ضعيف,sarcasm
M673762012489490432,1, الشبكه تتحمل واسهل طريقه للسرق اني اخلي العميل مايدري هو البلا من الجهاز والا السلك والا الموقع والا الفنيله ظيقه انترنت_الس ,sarcasm
M673809077592526848,1, النت ضعيف بسيطه تحتاج نت قوي سريع ومايقطع معاك وين ماتروح سهله اتصل على زيرو تلاطعشر زيرو تلاطعشر زيرو انترنت_ا ,sarcasm
M673753910016888832,3, انا رئيس شركه Stc احد يبي شي والانترنت مو ضعيف جوالاتكم خربانه تبيعونها ب 10 ريال انترنت_السعوديه_ضعيف,sarcasm
M673827829595918336,5, انترنت_السعوديه_ضعيف ابشركم اخذت نت السعوديه وبجيب لكم غيره ,sarcasm
M673843387607420928,2, انترنت_السعوديه_ضعيف ابشركم عندنا دائما تصيبه صرعات ويحتضر ماغير نرشرشه بالماا ويفوق ,sarcasm
M673848835756728320,1, انترنت_السعوديه_ضعيف ابشركم يقولون هالمشكله بتنحل مع بدايه الالفيهالهجريه يعني بدايه عام1500هجري الوضع تحت السيطره وبيكون كل شي تمام التمام,sarcasm
M673778255195938816,1, انترنت_السعوديه_ضعيف اتوقع الحيوان الكسلان اسرع من الانترنت عندنا ,sarcasm
M673786616482283520,3, انترنت_السعوديه_ضعيف احب اوجه رساله عاجله لشركات النت في السعوديه واقولهم ميصحش كذا ,sarcasm
M673820686973038592,3, انترنت_السعوديه_ضعيف احلف توك تدري ,sarcasm
M673902258036334592,1, انترنت_السعوديه_ضعيف احلفو بس اجل ماجربتو حقتنا تكتب الرساله و تربط الجوال بحديده و تطلعه مع الشباك عشان تنرسل هههههه ,sarcasm
M673774732966289408,1, انترنت_السعوديه_ضعيف اختموا اعجابكم ب ما شاا الله تبارك الله ,sarcasm
M674013323109748736,1, انترنت_السعوديه_ضعيف ادوه منشطات,sarcasm
M673843949774196736,1, انترنت_السعوديه_ضعيف اذا جيت اتهاوش مع اي احد تروح الهوشه وتخلص وانا لسى تتحدث عندي بدايه الهرجه ,sarcasm
M673796202056581120,2, انترنت_السعوديه_ضعيف اذا ضعيف تصدقوا عليه هع هع هع هع هع هع,sarcasm
M673770693683773440,1, انترنت_السعوديه_ضعيف اذا ما عدلتو النت نسحب لنا كيبل من الدول المجاوره ونشبك عليهم,sarcasm
M673781045834227712,2, انترنت_السعوديه_ضعيف اسرع طريقه عشان يجيك مرض الضغط حط مودم الاتصالات ببيتك ويمكن بعد سكر معها مجانا ,sarcasm
M673799274593984512,1, انترنت_السعوديه_ضعيف اش اللي ضعيف انت وياهه انا الحمدلله مخترقه جميع الاتصالات وسحبت سرعه الانترنت كلها عندي تبون التفاصيل ت ,sarcasm
M673783387551870976,1, انترنت_السعوديه_ضعيف اشاعات احنا قبل ما نضغط على فلم HD يتحمل ,sarcasm
M673786234557374464,52, انترنت_السعوديه_ضعيف اشرايكم بالبيجر يمدحون ماودكم نحول عليه هههههههههههههههههههههههههههههههه ,sarcasm
M673808139540672512,1, انترنت_السعوديه_ضعيف اصرفوا له فيتامينات,sarcasm
M673798654512246784,1, انترنت_السعوديه_ضعيف اصلن انا تعودت على گلمه تعثر اتصالك بالشبكه صرت اطفش لو مااشوف ه الجمله ,sarcasm
M673822924558753792,2, انترنت_السعوديه_ضعيف اعتقد ان ضعيف مدح له,sarcasm
M673751735412924416,3, انترنت_السعوديه_ضعيف افا ياذا العلم من قالكم كذا حشى وكلى بالعكس سريع لدرجه المقطع اللي دقيقه تشوفه خلال ساعه ماني معكم ب ,sarcasm
M673801365420957696,1, انترنت_السعوديه_ضعيف افصلوالكيبل وركبوه نفس وضعيه الشريحه ,sarcasm
M673834571637637120,3, انترنت_السعوديه_ضعيف افصلوه واشبكوه من جديد ,sarcasm
M673767808631709696,1, انترنت_السعوديه_ضعيف اكيد ايران لها دخل بالسالفه,sarcasm
M673837850090172416,3, انترنت_السعوديه_ضعيف الا اقوى شي من كثرر ماهو قوي الدول الاوربيه تشبك اسلاكها من عندنا كل ريال اخذتوه مني جعله نار عليكم ,sarcasm
M673882949603971072,1, انترنت_السعوديه_ضعيف الانترنت عندنا يشتغل على ديزل هذا سبب الضعف ,sarcasm
M673779216748584960,1, انترنت_السعوديه_ضعيف الانترنت عندنا يعلمك الصبر ,sarcasm
M673776259856494592,1, انترنت_السعوديه_ضعيف الانترنت يذكرني بحيوان الكوالا كسول وبطيا الحركه ,sarcasm
M673826625113464832,1, انترنت_السعوديه_ضعيف التغريده ذي راح توصلكم بعد خمس ساعات وشكرا ,sarcasm
M673812490598395904,1, انترنت_السعوديه_ضعيف التويته هاذي من الفين وثنعش توها توصلكم ,sarcasm
M673857054038212608,1, انترنت_السعوديه_ضعيف الجندي السعودي عند الفرار اسرع من نت السعوديه,sarcasm
M673782271686615040,1, انترنت_السعوديه_ضعيف الحمدلله عقبال ما يطفي علينا ,sarcasm
M673789655402303488,1, انترنت_السعوديه_ضعيف الحياه صعبه مع stc,sarcasm
M673779168593735680,1, انترنت_السعوديه_ضعيف الحين صارت معجزه انك تتابع افلام اون لاين,sarcasm
M673788353783967744,1, انترنت_السعوديه_ضعيف السعودي اذا يبي النيت 4G واحيانا نفتح النافذه نشوف هواوي معلق ,sarcasm
M673782003251216384,1, انترنت_السعوديه_ضعيف الضرب بالميت حرام ,sarcasm
M673752633094643712,3, انترنت_السعوديه_ضعيف الظاهر ان النت عندنا يشتغل على المكاين حقت الماا القديمه هندل ياولد ,sarcasm
M673749269988425728,1, انترنت_السعوديه_ضعيف الله يسلمكم احرجتونا والله و تستمر الحياه ,sarcasm
M673750149554900992,2, انترنت_السعوديه_ضعيف الله يسلمكم احرجتونا والله وهو متى جاا قوي اصلا ,sarcasm
M673863118909501440,1, انترنت_السعوديه_ضعيف المره الجايه بالدعايات بيكون شعار البقرات الثلاث اللى عندنا ادفع واشترك وحتندم يا قميل ,sarcasm
M673849242830692352,1, انترنت_السعوديه_ضعيف المفروض كل يوم يصير منطقه واحده تستخدم الانترنت عشان نستمتع بالسرعه,sarcasm
M673771061020880896,1, انترنت_السعوديه_ضعيف المفروض يضمون شركه النت اللي في البحرين لسعوديه ونوصل للبحرين برودباند يشبكون عليه,sarcasm
M6.73847131179e+17,1, انترنت_السعوديه_ضعيف النت بطيا لدرجه ان لو تفتح مقطع يمدي الهلال يصل العالميه وانت ماخلصته,sarcasm
M673928175307644928,2, انترنت_السعوديه_ضعيف النت شغال لكن م يوصلك شي ولا يتحمل شي روعه صراحه ويشتغل فجاه ويطفي بحاله ,sarcasm
M673828682008551424,1, انترنت_السعوديه_ضعيف الي يقول ضعيف يظلم نفسه ويظلمهم بالعكس كثيرين يحسدونا عليه الله يسلط عليهم,sarcasm
M673777810696224768,2, انترنت_السعوديه_ضعيف انتبهو لايطفون علينا النت عشان مانشارك في الهشتاق يسونها البقرات الثلاث ,sarcasm
M673767194283655168,2, انترنت_السعوديه_ضعيف انتم السبب مسوين زحمه على النت لابد يكون عندكم فكرر ,sarcasm
M673752297076297728,3, انترنت_السعوديه_ضعيف انتوا بس لو كل شخص منكم يدفع لي 10 ريال وتحطون عندي ارباحكم راح اسويلكم شركه اتصاللات جديدهه فخمه لكن م ,sarcasm
M673797680355794944,2, انترنت_السعوديه_ضعيف اوه غريبه بطيا ,sarcasm
M673949313005961216,5, انترنت_السعوديه_ضعيف ايران هي السبب,sarcasm
M673861763302035456,1, انترنت_السعوديه_ضعيف ايه مررررررررره اقول بلا دلع والله الي عندنا فل قولو ما شاا الله لا تحسدونا,sarcasm
M673759303103311872,2, انترنت_السعوديه_ضعيف بالعكس الحمد لله النت طيب وسريع واعذروني ع التاخير بالرد لان الابراج ماكانت موجوده خير شر ,sarcasm
M673806016530784256,1, انترنت_السعوديه_ضعيف بالعكس انا اشوفه صاروخ ويفتح اي مقطع ابو ثلاث ثواني في ساعتين الحمدلله يعني لاحد يسبه انتم شكل جوالاتكم فيها شيا ,sarcasm
M673776488060178432,1, انترنت_السعوديه_ضعيف بالعكس برق مايمديني اساسا ارمش بعيني ههههههههه ,sarcasm
M673757534382084096,1, انترنت_السعوديه_ضعيف بسبب ايران ,sarcasm
M673784677086441472,1, انترنت_السعوديه_ضعيف بطا النت من اهم مميزات stc فهل يعقل ان نطالبهم بالغاا اهم مزاياهم ولن نصل معهم لاي حل,sarcasm
M673783855460065280,2, انترنت_السعوديه_ضعيف بكره يصرح مسؤول يقول السبب هو المربعانيه ,sarcasm
M673806442672103424,2, انترنت_السعوديه_ضعيف بكل فخر نت السعوديه اسرع من السلحفاا,sarcasm
M673779504813314048,1, انترنت_السعوديه_ضعيف تخيل ان حلمك تتابع فيلم اون لاين ,sarcasm
M673755057947582464,1, انترنت_السعوديه_ضعيف تسذابين سريع صاروخ ,sarcasm
M673771545165213696,1, انترنت_السعوديه_ضعيف تصدقون توني ادري ,sarcasm
M673786178424938496,4, انترنت_السعوديه_ضعيف توكم تتدرون تغريدي هذي كاتبها قبل ساعتين وتوها تنزل ,sarcasm
M673782003297296384,8, انترنت_السعوديه_ضعيف جايب شي جديد,sarcasm
M673862297421520896,1, انترنت_السعوديه_ضعيف جيبوا له مدرس خصوصي ,sarcasm
M673836105654009856,1, انترنت_السعوديه_ضعيف جيبوا لوه مدرس Zain ,sarcasm
M673859007325585408,38, انترنت_السعوديه_ضعيف حاجتين مستحيل تتحقق في السعوديه نت سريع زي الناس ووصول الزعيق للعالميه زي النصر و الاتحاد ,sarcasm
M673806628311842816,1, انترنت_السعوديه_ضعيف حاله الشعب طفي المودم وشغله ,sarcasm
M673865235812458496,1, انترنت_السعوديه_ضعيف حرام عليكم ممتاز لدرجه انه يفتح الرابط قبل اضغط عليه كذاب انت gt ,sarcasm
M673807934061703168,1, انترنت_السعوديه_ضعيف حطوا به مغذي,sarcasm
M673757922699165696,1, انترنت_السعوديه_ضعيف حقا معلومه جديده لم اكن اعلم من قبل ,sarcasm
M673812084338122752,1, انترنت_السعوديه_ضعيف حنا عندنا زي سرعه البرق النت خلوكم ع stc ولا مربيلي ولا زين واحد يبي يقهركم ,sarcasm
M673794723295924224,1, انترنت_السعوديه_ضعيف خلوه يشد حيله ويجيب مقبول البلوك بالدور يا جماعه ,sarcasm
M673845554464559104,1, انترنت_السعوديه_ضعيف دخلوه نادي كمال اجسام hehe ,sarcasm
M673912237745131520,1, انترنت_السعوديه_ضعيف دوبكم تحسو ,sarcasm
M673828135910170624,6, انترنت_السعوديه_ضعيف راح يغردون احفادي بهذا الهاشتاق ان الله اعطاني عمر وصار عندي احفاد,sarcasm
M673762062380744704,2, انترنت_السعوديه_ضعيف سوولو دور ثاني مو حلوه طيب ,sarcasm
M673797114820956160,2, انترنت_السعوديه_ضعيف سويت مقارنه بين نت بيتنا و سرعه جون تيري اتوقع واضحه من فاز ,sarcasm
M673807763340967936,1, انترنت_السعوديه_ضعيف شربوه حلبه,sarcasm
M673759776120152064,1, انترنت_السعوديه_ضعيف شربوه حليب خلفات ويتحسن ان شاا الله ,sarcasm
M673831275082461184,1, انترنت_السعوديه_ضعيف شعارنا سلحفاه لحياه اسهل ,sarcasm
M673787147518926848,1, انترنت_السعوديه_ضعيف شكرا على المعلومه الجديده ما كنت ادري,sarcasm
M673831698707185664,1, انترنت_السعوديه_ضعيف شكل جوالاتكم خربانه غيروها ,sarcasm
M673763825628356608,1, انترنت_السعوديه_ضعيف شكل صاحب الهاشتاق ماجرب يطفي المودم ويشغله ,sarcasm
M673836659725742080,3, انترنت_السعوديه_ضعيف شكله ماذاكر زين ,sarcasm
M673750271592386560,1, انترنت_السعوديه_ضعيف صباح الخير توكم تدرون انه ضعيف ,sarcasm
M673840118944374784,1, انترنت_السعوديه_ضعيف صح النوم دوبكم تدرون ,sarcasm
M673783964239339520,1, انترنت_السعوديه_ضعيف ضاع عمرنا واحنا نقول وماتغير شي استمتعوا بس وحملوا الفيلم بيومين,sarcasm
M673774658940964864,1, انترنت_السعوديه_ضعيف ضعيف الله يبشركم بالخير انا كنت اعتقد انه معدوم لكن كويس ارتقى لدرجه ضعيف انجاز يسجل في قينس stcوالله الخيبه ,sarcasm
M673767040189116416,1, انترنت_السعوديه_ضعيف ضعيف باللهجه الجنوبيه يعني طيب وحليل غيرها واكتبوا فاشل يمكن ينتبهوا ,sarcasm
M673805116399558656,1, انترنت_السعوديه_ضعيف ضعيف بس حرام ضلمتووووه الا نت يشتغل بالدييييييزل وحياتك ,sarcasm
M673749709740236800,11, انترنت_السعوديه_ضعيف ضعيف وبسس السلحفاه تمشي اسرع منه والغريب بالموضوع تنسدح على جنبك الايمن 2G تتشقلب ع اليسار يصير 4G كيف ,sarcasm
M673863240108101632,1, انترنت_السعوديه_ضعيف طف المودم وانتظر 10 دقايق وشغله وبعدها يقولون انت راضي عن خدماتنا ههههههههههههههههه,sarcasm
M673836182833360896,1, انترنت_السعوديه_ضعيف طف وشغل ,sarcasm
M673758667934670848,1, انترنت_السعوديه_ضعيف طفوا السعوديه وششغلوها ويزين كلش,sarcasm
M673849503330512896,1, انترنت_السعوديه_ضعيف ظلم في حق السلحفاه انو نقارنها ب نت السعوديه ,sarcasm
M673803701564387328,1, انترنت_السعوديه_ضعيف ظلمتوا كلمه ضغيف وباي حق تظلمو ,sarcasm
M673759324284583936,1, انترنت_السعوديه_ضعيف عاد غريبه الا النت السعوديه صاروخ شو غيره ,sarcasm
M673770204518850560,1, انترنت_السعوديه_ضعيف عادي انت كمان افصل الخدمه واشترك بخط جديد ,sarcasm
M673814820483932160,1, انترنت_السعوديه_ضعيف عجيب شي جديد صراحه,sarcasm
M673759897276780544,1, انترنت_السعوديه_ضعيف عطوه اكل,sarcasm
M673788554238128128,1, انترنت_السعوديه_ضعيف عطوه اكل مسكين ,sarcasm
M673761745526239232,1, انترنت_السعوديه_ضعيف عطوه بروتين,sarcasm
M673800298968805376,5, انترنت_السعوديه_ضعيف عطوه دروس تقويه يمكن يتحسن مستوه سامجه بس تعبت في التعبير ,sarcasm
M673794845916401664,1, انترنت_السعوديه_ضعيف عندنا انترنت في السعوديه صراحه صدمتوني,sarcasm
M673875993006862336,2, انترنت_السعوديه_ضعيف عنده انيميا وهشاشه ,sarcasm
M673771496079269888,1, انترنت_السعوديه_ضعيف غريبه لا ما اصدق ان السعوديه فيها ضعف بالانترنت اكيد اشاعه ,sarcasm
M673820455497826304,3, انترنت_السعوديه_ضعيف غير صحيح من قوه النت اليوتيوب مايفتح يخاف ,sarcasm
M673748614368333824,6, انترنت_السعوديه_ضعيف فقط في السعوديه تجلس ع الكنب 3g تميل بتاخذ فجالك 4g تقوم تسلم E تنسدح لايوجد خدمه ,sarcasm
M673761105265696768,1, انترنت_السعوديه_ضعيف قال خذها وخل اختها قلنا الله يقطعها وايا اختها,sarcasm
M673838112934649856,1, انترنت_السعوديه_ضعيف قم بتجديد باقه الانترنت لقد وقعت في الفخ ,sarcasm
M673814828943831040,1, انترنت_السعوديه_ضعيف كان ضعيف الان رسب ولا في مجال للنجاح,sarcasm
M673749046536851456,1, انترنت_السعوديه_ضعيف لا جديد بالموضوع عطونا اغنيه ياكنترول,sarcasm
M673751142732603392,18, انترنت_السعوديه_ضعيف لا زلت انتظر الرد من شركه الاتصالات السعوديه انهم معي على الخاص احد يحب يسلم عليهم ,sarcasm
M673815496941285376,1, انترنت_السعوديه_ضعيف لا عاد احلف,sarcasm
M673821250876239872,4, انترنت_السعوديه_ضعيف لا لا مستحيل النت يكون ضعيف شوفوني اراسلكم من الحوش عشان النت افضل منه داخل البيت بس انتو الله ي ,sarcasm
M673786065971511296,1, انترنت_السعوديه_ضعيف لا مو ضعيف لا تلعبون على انفسكم المشكله في المواطن ماعنده فكر انترنتي ,sarcasm
M673779837560033280,1, انترنت_السعوديه_ضعيف لاتصدقون اشاعات فيه بس اليوتيوب مايفتح والمقاطع ماتحمل والتصفح ثقيل بس لا اشاعه اكيد ,sarcasm
M673828349303746560,3, انترنت_السعوديه_ضعيف لازم نتصدق عليه عشان يتقوى عظمه ويربرب ,sarcasm
M673756664659648512,1, انترنت_السعوديه_ضعيف لازم يلعب حديد,sarcasm
M673773909846695936,2, انترنت_السعوديه_ضعيف لدرجه السلحفاه بكت لما قالو لها انتي اسرع من الانترنت بالسعوديه ,sarcasm
M673816235176550400,3, انترنت_السعوديه_ضعيف له ميزه انه يخليك تستخير كم مره قبل ترسل شيا ويمديك تغليه قبل يوصل,sarcasm
M673788689328263168,1, انترنت_السعوديه_ضعيف ليش مسوي دايت ,sarcasm
M673810680512913408,1, انترنت_السعوديه_ضعيف م كنت اعرف هالمعلومه ,sarcasm
M673779295354036224,1, انترنت_السعوديه_ضعيف ماحد قال روحو لكوكب الارض الحمدلله انا بعطارد لحالي والشبكه عندي toob ,sarcasm
M673798075807305728,3, انترنت_السعوديه_ضعيف ماوجه الشبه بين النت عندنا والسلحفه ,sarcasm
M673836875954589696,1, انترنت_السعوديه_ضعيف مدري ليه جا ببالي المهابيل الثلاثه اللي كانو يجون بالقناه الثانيه دايم يحاولون يخدمون الناس بس انهم يخربوون ,sarcasm
M673772213808586752,1, انترنت_السعوديه_ضعيف مسكين ضعيف من الجوع والبرد ,sarcasm
M673829491806969856,2, انترنت_السعوديه_ضعيف مسوي رجيم ممكن الهاشتاق مستهلك وياما طرح بدون جدوى,sarcasm
M673856005818699776,1, انترنت_السعوديه_ضعيف مسوي عمليه تكميم الله يشفيه ,sarcasm
M673749886286831616,1, انترنت_السعوديه_ضعيف معلومه جديده توي عرفتها اوف ,sarcasm
M673749305220603904,2, انترنت_السعوديه_ضعيف من جد تصدق ماكنا ندري ,sarcasm
M673822999410266112,1, انترنت_السعوديه_ضعيف من جمال شبكتنا تشوف مقطع ابو دقيقتين بنص ساعه ,sarcasm
M673771688123871232,1, انترنت_السعوديه_ضعيف من ضعف الاتصال تصلك رساله تسديد المبلغ المطلوب قبل حلول الموعد من السرعه الفائقه ,sarcasm
M673797652409024512,1, انترنت_السعوديه_ضعيف من عذره بردان مالقى احد يدفيه,sarcasm
M673935390571700224,3, انترنت_السعوديه_ضعيف من قوه سرعته كل شوي اغير موقعي اخاف اطير من سرعه النت بس كله اتمسك عشان القط لي برج ذبحتونا ,sarcasm
M673772965029355520,1, انترنت_السعوديه_ضعيف من يقول,sarcasm
M673807122514247680,2, انترنت_السعوديه_ضعيف من يقول هذا اسرع نت بالعالم وسرعته تسابق الصوت من قوه السرعه الابراج مثبه عشان ما تطير ,sarcasm
M673752832235937792,1, انترنت_السعوديه_ضعيف موشي جديد صرت امرجنب السلحفاه تضحك ,sarcasm
M673880434007216128,2, انترنت_السعوديه_ضعيف نت بردان مثلنا وراكم عليه ,sarcasm
M673795622097522688,2, انترنت_السعوديه_ضعيف نت عندنا يذكرني بنادي محلي يبي العالميه بس مايقدر خخخخخخخخخ,sarcasm
M673762411078361088,1, انترنت_السعوديه_ضعيف نجيبلوه مدرس خصوصي يمكن يشد حيله وينجح اااه شر البليه مايضحك فقع مرارتي من كثر مايفصل عندنا,sarcasm
M673748474958057472,79, انترنت_السعوديه_ضعيف نضمن لك نت بس مانضمن لك يشتغل ,sarcasm
M673778564412612608,1, انترنت_السعوديه_ضعيف نضمنلك نت بس ما نضمنلك يشتغل فيه غيرها ,sarcasm
M673774196477059072,2, انترنت_السعوديه_ضعيف هات له مدرس خصوصي ,sarcasm
M673775242330927104,1, انترنت_السعوديه_ضعيف هذا من ضعف ايمان الشعب والعياذ بالله,sarcasm
M673789686863802368,2, انترنت_السعوديه_ضعيف و الدليل اني مرسل لكم هالتغريده الساعه 6 الفجر عاد مدري متى توصلكم,sarcasm
M673774756303405056,1, انترنت_السعوديه_ضعيف وش فيه نت السعوديه نص ميقا الى ميقا مافي احلا منها ولا تبون زي الكفار 100 ميقا و 600 ميقا احمدو ربكم بس ,sarcasm
M673807680721584128,1, انترنت_السعوديه_ضعيف وكلوه,sarcasm
M673816258614337536,1, انترنت_السعوديه_ضعيف ي عالم مو بس انت الي يذبحك البرد حتى الانترنت يموت من البرد,sarcasm
M673787311650394112,1, انترنت_السعوديه_ضعيف ياتسذبكم تسذباه دايما اشوفه يركض حتى انه لابس هيلاهوب من زود الحماس,sarcasm
M673788559590088704,1, انترنت_السعوديه_ضعيف ياخوفي لايقولون حقين STCالضعف بسبب دخول المربعانيه,sarcasm
M673810158728925184,1, انترنت_السعوديه_ضعيف ياكل زين ويصير قوي,sarcasm
M673858318125920256,10, انترنت_السعوديه_ضعيف يبغى له بروتينات ,sarcasm
M673828327258464256,1, انترنت_السعوديه_ضعيف يبي له مساااااااااااج عشان يرجع سريع ,sarcasm
M673849030628286464,1, انترنت_السعوديه_ضعيف يبيله ريد بل ,sarcasm
M673780917165498368,1, انترنت_السعوديه_ضعيف يبيلهم منشطات,sarcasm
M673799105953570816,1, انترنت_السعوديه_ضعيف يستخدمونه فوق 20 مليون شخص وتقولون ضعيف اككيد ضعيف بكرا نصير مثل مصر نتكلم بالتلفون الارضي زيرو تلاطعش زيرو تلاطعش ,sarcasm
M673804212409618432,1, انترنت_السعوديه_ضعيف يعني تراني ما اقعد 46 ساعه عشان احمل مقطع عباره عن 4 دقائق اصلن عادي الحياه حلو ,sarcasm
M673748906812047360,1, انترنت_السعوديه_ضعيف يعني نقدر نقول متاثر بموجه البرد الي جاتنا ,sarcasm
M6.7387742511e+17,2, انترنت_السعوديه_ضعيف يعوض في الدور الثاني شد حيلك يا بطل,sarcasm
M673805631673999360,1, انترنت_السعوديه_ضعيف يقولواالعلمااان الاشيااالجامده تتمدد في البروده وتتقلص في الحراره يمكن انترنت حقناوصل القطب الشمالي عشان كذاضعيف ,sarcasm
M673749142775193600,6, انترنت_السعوديه_ضعيف يقولون ابطا الحيوانات هي السلحفاه لكني اتوقع ان السلحفاه اسرع من النت عندنا ,sarcasm
M673917392288903168,1, انترنت_السعوديه_ضعيف يمكن المتسبب في هذا الضعف المستمر البراليه والاخونجيه,sarcasm
M673766265064980480,1, انترنت_السعوديه_ضعيف يمكن عشان البروده زايده هالايام ,sarcasm
M673830773074563072,1, انترنت_السعوديه_ضعيف يمكن عنده فقر دم ,sarcasm
M673830500906213376,1, انترنت_السعوديه_ضعيف يمكن ماعنده ام تذاكر له,sarcasm
M673756264187502592,3, اهم شي طفي الجهاز وشغلو وسوينا لك تحديث انترنت_السعوديه_ضعيف ,sarcasm
M673841052235800576,3, اوه تصدق تو ادري انترنت_السعوديه_ضعيف,sarcasm
M673934719210422272,4, ايران لها يد بالموضوع انا متاكد انترنت_السعوديه_ضعيف,sarcasm
M673820892590403584,3, بالامطار يضعف النت بالحر يضعف النت وبالبرد صار النت بطيا وش الجو المناسب لكم طال عمركم عشان تعطونا نت كويس ان ,sarcasm
M673848930975801344,9, بكت السلحفاه فرحا عندما علمت انها اسرع من النت في السعوديه انترنت_السعوديه_ضعيف,sarcasm
M673784330469117952,3, تخيل تركض طول اليوم طبيعي بتتعب وتضعف عشان كذا انترنت_السعوديه_ضعيف من كثر الاستخدام هذا التغريده ما تشمل داني الفيش ,sarcasm
M673940120437964800,3, خله ياخذ دور ثاني انترنت_السعوديه_ضعيف,sarcasm
M673778029412397056,3, طفي المودم وارجع شغله انترنت_السعوديه_ضعيف,sarcasm
M673786748715974656,8, فقط في السعوديه تحك راسك بالجوال الشبكه 4G تمد رجليك تجيك 3g شي غريب انترنت_السعوديه_ضعيف,sarcasm
M673831195810091008,52, فقط في السعوديه تنقلب على جنبك اليمين تجي الشبكه 4G تنقلب على شمالك تجيك 3g كيف لاتسالني انترنت_السعو ,sarcasm
M673767876982145024,3, في كوريا النت مجانا في الشوراع وعندنا اذا دقيت عليهم قالك طف المودم وشغله انترنت_السعوديه_ضعيف ,sarcasm
M673964067179114496,1, لا ضعيف ولا شي انتو اللي حساسين شوي ههههههههههه انترنت_السعوديه_ضعيف,sarcasm
M673807201253859328,2, نتشرف بسرقتكم الكلباني_يسخر_من_خدمات_stc انترنت_السعوديه_ضعيف,sarcasm
M673758863628353536,9, نضمن لك نت بس ما نضمن لك يشتغل في حاله تم التشغيل سيتم اضافه باقه الاستخدام الظالم ونص ميقا مجانا stc حياه الشقاا انتر ,sarcasm
M673799654614638592,1, هلا وغلا محمد لا بس الكلباني يسلم عليك ويقول تاخرتوا عليه الكلباني_يسخر_من_خدمات_stc انترنت_السعوديه_ضعيف ,sarcasm
M673827329702027264,1, هههههههههه STCمسخره كل من هب ودب يمسخرهم ويطقطق عليهم ولايردون لانهم جبناا انترنت_السعوديه_ضعيف,sarcasm
M673954357302415360,3, ولا يقولك فيه سمكه قرش عضت الكيبل البحري واخترب النت وهالسمكه لعينه ماتجي الا عند كيابلنا انترنت_ال ,sarcasm
M673804129714704384,1,احمل فلم مدته 2قيقا يمديني اخذ عمره واجي والقاه م تحمل نصه يحمل 3 ايام ماصارت ولا بنجيريا انترنت_السعوديه_ضعيف,sarcasm
M673793812876148736,1,استهلكوا كذبه انقطاع كيبل بحري الان اللوم عليهم بعد ما بطلت اسماك القرش تستخدم stc بسبب الاتهامات انترنت_السعوديه_ضعيف,sarcasm
M673756262975324160,1,الاسلاك منتفضه من البرد انترنت_السعوديه_ضعيف,sarcasm
M673764985932226560,1,الانترنت عندنا مثل سرعه الونيت 85 ويمكن الونيت اسرع انترنت_السعوديه_ضعيف,sarcasm
M673806985821855744,1,التغريده ذي من امس توها توصلكم انترنت_السعوديه_ضعيف,sarcasm
M673821733103796224,1,الحل الوحيد للمشكله نقط كلنا من ميتين ريال ونعطي القطه الشيخ الكلباني ونخليه يسوي لنا شبكات انترنت انترنت_السعوديه_ضعيف,sarcasm
M673819725323980800,1,الصراحه النت سريع جدا شف الرساله راحت من نفسه مجرد بس فكره فيها تفكير انترنت_السعوديه_ضعيف,sarcasm
M673783716636983296,1,الظاهر مع البرد تجمدت الكيابل انترنت_السعوديه_ضعيف Cc ,sarcasm
M673769428409032704,1,النت عندي سريع جدا و يارب سامحني انترنت_السعوديه_ضعيف,sarcasm
M673789593225928704,1,اووه بالله صحيح وش الجديد انشغلوا باشياا كويسه بس انترنت_السعوديه_ضعيف,sarcasm
M673845597644840960,1,تقريبا ثلاث شهور والنت يعانس من سخونه وزكام وبعض الاحيان صرع انترنت_السعوديه_ضعيف,sarcasm
M673769821633409024,1,جايب شي جديد الحين كلنا دارين انه ضعيف حتى الجن طفشانين يقولون بنروح اوروباا انترنت_السعوديه_ضعيف,sarcasm
M673803303915036672,1,شكاويكم محل اهتمامنا ههههههه الضرب بالفطايس ما ينفع وكل الشركات على حد بعض انترنت_السعوديه_ضعيف,sarcasm
M673754519726067712,1,شويه ضعيفه لو امشي رجل وصت اسرع منه انترنت_السعوديه_ضعيف,sarcasm
M673788065824047104,1,كلام جرايد هذا انا منزل السنابه عام 14 6 وتوها تنزل ياربي لك الحمد انترنت_السعوديه_ضعيف,sarcasm
M673805492825755648,1,كيف ضعيف والاتصالات خلصت من الارض ورايحين للفضاا انترنت_السعوديه_ضعيف,sarcasm
M673835719622828032,1,كيف ضعيف وحنا نوصل الهشتاقات للترند وهذا من ظمنهم انترنت_السعوديه_ضعيف,sarcasm
M673767503944884224,1,لاااااااا تصدق توي ادري انترنت_السعوديه_ضعيف,sarcasm
M673859154126196736,1,لو ياكل من رز ابو كاس يسمن بدل ما يضعف انترنت_السعوديه_ضعيف,sarcasm
M673823865559261184,1,هو ضعيف لكن كانكم تبالغون في التذمر زي سالفه مقطع ابو دقيقتين تاخذ نص ساعه ترى خطا بعض الاحيان ما يشتغل انترنت_السعوديه_ضعيف,sarcasm
M673767859672195072,1,والله تشتكون والالا محد درى عنكم مالقيتوا الا الاتصالات تصلح سرعه النت هههه الا وش السالفه مافيه ابو فريوه انترنت_السعوديه_ضعيف,sarcasm
M673804483281948672,1,وحامل تسعين ماده بعد انترنت_السعوديه_ضعيف,sarcasm
M673830337995231232,1,ونحنا بحضرموت عندنا انترنت يفتح الموقع اللي لسا تفكر فيه انترنت_السعوديه_ضعيف,sarcasm
M673790676157538304,1,يارب ان حسين الجسمي ياغني عن stc انترنت_السعوديه_ضعيف,sarcasm
M673859358019723264,1,يمكن من البرد انترنت_السعوديه_ضعيف,sarcasm
M673271551282823168,3, الجزيره_تهاجم_السعوديه تتنظر هاشتاق حذف قناه الجزيزه ههههههههههههههههههههههههههههه كل يوم لهم هاشتاق حذف_قناه_العربيه_من_الريسيفر,sarcasm
M673334836988375040,1, الجزيره_تهاجم_السعوديه حذف_قناه_العربيه_من_الريسيفر سيفون,sarcasm
M673431719605837824,1, الجزيره_تهاجم_السعوديه ما امدي حروفكم تجف يا بتوع حذف_قناه_العربيه_من_الريسيفر,sarcasm
M673081268649742336,3, العربيه انتظروا الاصدار القادم الاخونجيه خلاص احذفوا القناه وثائقي_العربيه كيف_واجهت_السعوديه_القاعده حذف_قناه_الع ,sarcasm
M673267788048396288,1, اي وبعد طال عمرك اي قناه ودك احذفها غيرها حذف_قناه_العربيه_من_الريسيفر ,sarcasm
M673065516022554624,2, حذف_قناه_العربيه_من_الريسيفر اساسا مااتابعها لكن لو حذفتها اتوقع ابوي يحذفني وراها ,sarcasm
M673118656897921024,4, حذف_قناه_العربيه_من_الريسيفر افا بس ليه من الي زعل بعد وثائقي كيف_واجهت_السعوديه_القاعده,sarcasm
M673072223796768768,1, حذف_قناه_العربيه_من_الريسيفر افكر اعطيك الريسيفر وتحمل القنوات الي على كيفك وش رايك ,sarcasm
M673072699766345728,1, حذف_قناه_العربيه_من_الريسيفر الا العربيه بعدين كيف تعرف اكثر يقلك العربيه ان تعرف اكثر,sarcasm
M673195771152490496,1, حذف_قناه_العربيه_من_الريسيفر الشعب السعودي اكثر شعب يزور دبي وبنفس الوقت ينتقدها اكثر شعب يشاهد mbc ويطالب بحذفها الى متى المثاليه المزيفه,sarcasm
M673055921656963072,4, حذف_قناه_العربيه_من_الريسيفر العربيه ماتمثل الحكومه السعوديه طيب ومدراا العربيه هؤلاا يمثلون تركيا مثلا ,sarcasm
M673168370569764864,1, حذف_قناه_العربيه_من_الريسيفر الو القناه الاولى كل واحد يزين الشخصيه شكلنا راجعين لكم ,sarcasm
M673405234203480064,1, حذف_قناه_العربيه_من_الريسيفر انا ما يضحكني الا الي يقول قناه العربيه عدوه للامه يا اخي القناه باشراف السعوديه فهل السعوديه عدوه للامه ,sarcasm
M673066799542501376,1, حذف_قناه_العربيه_من_الريسيفر بعد نهايه كيف_واجهت_السعوديه_القاعده اللي عرضته قناه العربيه طلع الهاشتاق شكل الوثائقيات اوجعتهم ,sarcasm
M673525965331554304,1, حذف_قناه_العربيه_من_الريسيفر تقدي تقول لي ليش طلع هذا التاق خاصه بعد وثائقي القاعده الضربات موجعه يا صاحبي,sarcasm
M673534502371749888,1, حذف_قناه_العربيه_من_الريسيفر جيبوا شيله يا مطوع وما بيحذفونها ,sarcasm
M673271560262823936,1, حذف_قناه_العربيه_من_الريسيفر حذف_mbc_من_الريسيفر اجل من اللي يتابعها هاه ,sarcasm
M673095347388989440,1, حذف_قناه_العربيه_من_الريسيفر زعلانين الدواعش من برنامج كيف واجهت السعوديه القاعده ,sarcasm
M673228166249521152,1, حذف_قناه_العربيه_من_الريسيفر سمعونا صياحكم اكثر ,sarcasm
M673418329420353536,1, حذف_قناه_العربيه_من_الريسيفر فهي قناه تكشف وتحارب الخوارج فيجب حذفها ليبقى التكفير ويستعر القتل والتفجير,sarcasm
M673238555687161856,1, حذف_قناه_العربيه_من_الريسيفر في ناس ممكن ينطقوا لو تنحذف ,sarcasm
M673081255680954368,1, حذف_قناه_العربيه_من_الريسيفر كل يوم احذفوا قناه احذفوا الريسيفير كله وارجعوا للقناه الاولى والمروحه على رقم خمسه وريحوا وارتاحوا ,sarcasm
M673225884128690176,3, حذف_قناه_العربيه_من_الريسيفر كله من ايران,sarcasm
M673082417649876992,2, حذف_قناه_العربيه_من_الريسيفر كيف تحذفونها وانتم اصلا مقاطعين كل المجموعه والله يا انتم تسذبان ,sarcasm
M673285828089667584,1, حذف_قناه_العربيه_من_الريسيفر لان المذيعاات ماصارو يفتنون مثل اول,sarcasm
M673093500213268480,1, حذف_قناه_العربيه_من_الريسيفر لو كل قناه بحذفها لانها استضافت شخص ضد الخليج كان مايبقى بالرسيفر الا قناه الكويت الارضيه ,sarcasm
M673123648098582528,1, حذف_قناه_العربيه_من_الريسيفر لو يسوون برامج عن الابل كان كملوا,sarcasm
M673110632842047488,1, حذف_قناه_العربيه_من_الريسيفر لوتستثمر كقناه كرتونيه افضل لانها تهبط بالعقول الى عالم بامبرز والرضاعه الطبيعيه,sarcasm
M673102022233735168,1, حذف_قناه_العربيه_من_الريسيفر ليه معاد باقي معانا الا هي غنوه وحذفتوها كمان تبون تكملونها بالعربيه لا كذا حرام وا ,sarcasm
M673290032015409152,1, حذف_قناه_العربيه_من_الريسيفر مااحكم موالاه الكافرين ضد المسلمين راحو فيها قرده المنابر ان اجاب مشكله وان سكت مشكله,sarcasm
M673077421332144128,4, حذف_قناه_العربيه_من_الريسيفر مجرد وجود رجال امن ف اي وثائقي يوثق محاربه الارهاب يصيب البعض بحساسيه شديده وحكه ,sarcasm
M673070743945637888,16, حذف_قناه_العربيه_من_الريسيفر من متى الحذف بعد الجزا الاول او الجزا الثاني او الجزا الثالث من وثايقي_العربيه_نهايه_القاعده,sarcasm
M673053969250430976,33, حذف_قناه_العربيه_من_الريسيفر هماكم حاذفينها لكم سنتين طيب اهداا لكم يا_اخوان كيف_واجهت_السعود ,sarcasm
M673238098495602688,3, حذف_قناه_العربيه_من_الريسيفر ههههههه شعب مريض,sarcasm
M673517060635369472,44, حذف_قناه_العربيه_من_الريسيفر هههههههه ليش كذا يا حلوين ترى كلها ثلاثه اجزاا كيف_واجهت_السعوديه_القاعده,sarcasm
M673122728736481280,1, حذف_قناه_العربيه_من_الريسيفر هههههههههه يصير خير ,sarcasm
M673098981975674880,1, حذف_قناه_العربيه_من_الريسيفر وسهير القيسي ولينا حسين وين يروحن ,sarcasm
M673061691370917888,1, حذف_قناه_العربيه_من_الريسيفر وش رايكم تعطونا قائمه للفطور والغداا والعشاا بعد ووين نروح ووين نجي الوصايه لايقبلها الا جاهل مدرعم ,sarcasm
M673078730160517120,1, حذف_قناه_العربيه_من_الريسيفر وش رايكم نحذف الريسيفر بكبره كل يوم طالعين لنا بقناه,sarcasm
M673276168271974400,1, حذف_قناه_العربيه_من_الريسيفر وش وضعكم انتم كل شيا حذف حذف على اي زله بقي تدخل البيت عندي وتنزل القنوات على كيفك,sarcasm
M673088551689576448,8, حمله تدخلك الجنه حذف_قناه_العربيه_من_الريسيفر لو اطرف موظف بالعربيه يقولهم تعالوا قالوا سمعا وطاعه,sarcasm
M673079172978331648,22, رده فعل الاخونجيه بعد الوثائقي حذف_قناه_العربيه_من_الريسيفر طيب ما قلتو لنا وش رايكم فيه كيف_واجهت_السعوديه_القاعده,sarcasm
M673078033457225728,1, شرايكم تحذفون كل القنوات كل يوم هاشتاق لحذف قناه اشترو رسيفر المجد وبترتاحون بدل ماتحذفون كل يوم قناه حذف_قناه_العر ,sarcasm
M673288761313239040,1, عاد حذف_قناه_العربيه_من_الريسيفر ههههه فاتحين هاشتاق,sarcasm
M673132232790441984,1, كيف_واجهت_السعوديه_القاعده اجل حذف_قناه_العربيه_من_الريسيفر ليه خايفين تشوفون فلم كيف_واجهت_السعوديه_داعش,sarcasm
M673118362499698688,1, مهابيل_الصحوه يضحكون والله ايوه وش بعد تبوننا نحذف حذف_قناه_العربيه_من_الريسيفر,sarcasm
M673098835783061504,8, وش رايكم نحذف كل القنوات وترتاحون حذف_قناه_العربيه_من_الريسيفر,sarcasm
M673073873601044480,1,ا حذف_قناه_العربيه_من_الريسيفر وخلك مسنتر قدام قناه_الجزيره ,sarcasm
M673079877755621376,1,ارجعوا لزمن القناه السعوديه الاولى هذا اللي يصلح لكم اللحين عرفت ليش القناه السعوديه ماتطورت لعقود من الزمن حذف_قناه_العربيه_من_الريسيفر,sarcasm
M673068386784518144,1,العربيه مستمره في فضحكم يا اصحاب تفخيخ المؤخرات هههههه حذف_قناه_العربيه_من_الريسيفر ,sarcasm
M673293162685833216,1,اليوم الجزيره_تهاجم_السعوديه وقبل يومين حذف_قناه_العربيه_من_الريسيفر والحل معكم ارسو على بر نتابع مين فيهم,sarcasm
M673143791222697984,1,انا اقول احذفوا العربيه وقبلها الجزيره ثم احذفوا الاخباريه و االبي بي سي و سي ان ان وكل القنوات حذف_قناه_العربيه_من_الريسيفر,sarcasm
M673281123598917632,1,تعلم تكتب التاا المربوطه طال عمرك قبل ماتعمل الهاشتاق حذف_قناه_العربيه_من_الريسيفر,sarcasm
M673094641084997632,1,نقول حذف_قناه_العربيه_من_الريسيفر ويقولون لنا طيب والجزيره حركات اطفال المدارس ,sarcasm
M664805547187785728,1, المفروض شركه الاتصالات السعوديه تعطيني شهاده شكر وتقدير عالمبالغ اللي ادفعها لهم ومن دون فايده كلمه_لشركات_الاتصالات,sarcasm
M664524426902417408,4, شكرا لانكم جعلتم لنا الحريه بان نصفكم بالسارقين دون ان تقطعوا عنا خدماتكم السيئه كلمه_لشركات_الاتصالات,sarcasm
M664690528429154304,2, شكرا يا اس تي سي على النت القوي والله اكتب رساله العصر ما توصل الا الساعه 12 كلمه_لشركات_الاتصالات,sarcasm
M664681300767457280,1, كلمه_لشركات_الاتصالات احترامي للحرامي صاااحب المجد العصامي ,sarcasm
M664533823514877952,1, كلمه_لشركات_الاتصالات اسرق المسروق اكثر ,sarcasm
M664604529762181120,1, كلمه_لشركات_الاتصالات اسرقنى شكرا فودافون_بتسرقنا ,sarcasm
M664530566839189504,1, كلمه_لشركات_الاتصالات اشكيك لمين اشكيك لمين والخصم وانت والحكم اشكيك لمين من غنى الكلمات معايا من زود المعاناه يطقها رتويت ,sarcasm
M664548853299978240,1, كلمه_لشركات_الاتصالات اعتقد الاتصالات الاثيوبيه تتفوق علينا بالخدمه ,sarcasm
M664542889482043392,1, كلمه_لشركات_الاتصالات اقولهم مافي الفئران فار طاهر ,sarcasm
M664528444177403904,5, كلمه_لشركات_الاتصالات الشعار الاساسي ليكو هو البيضه ,sarcasm
M664554438389080064,1, كلمه_لشركات_الاتصالات الى متى ارفع ايدي علشان يقوى الارسال ,sarcasm
M664526003058974720,2, كلمه_لشركات_الاتصالات انا زعلان منكم يا شريرين ,sarcasm
M664520601168646144,1, كلمه_لشركات_الاتصالات انتو مررررا سعاده الله لايوفقكم,sarcasm
M664539160481525760,1, كلمه_لشركات_الاتصالات بكت سلخفاه عندما قالو لها انها اسرع من النت بسعوديه stc,sarcasm
M664534324121833472,1, كلمه_لشركات_الاتصالات شكرا على النت الخرا,sarcasm
M664527670319980544,3, كلمه_لشركات_الاتصالات شكرا لكم يا حراميه,sarcasm
M664558303477940224,1, كلمه_لشركات_الاتصالات عندي افكار جديده لنصاب والسرقه من المواطن الفكره الوحده بمليون شوفو وردو علي,sarcasm
M664548415129395200,1, كلمه_لشركات_الاتصالات ما اقدر اعبر او اكتب كلمه يحرجوننا بخدماتهم الراقيه,sarcasm
M665266619258707968,1, كلمه_لشركات_الاتصالات محترمين مره يسرق دراهمك ويقول لك عزيزي العميل المفروظ عزيزي المسروق,sarcasm
M664537978191106048,4, كلمه_لشركات_الاتصالات يعجبني تفوقكم على اليابان ,sarcasm
M664638491104559104,2, نفروا بكم واشتلوكم ثم وضعوكم في وادي تهامه الترجمه جدا احبكم والي يعرف الترجمه يسوي ميت كلمه_لشركات_الاتصالات,sarcasm
M664534627592335360,5, هل نتكم متعاقد مع سلحفاه كلمه_لشركات_الاتصالات,sarcasm
M664547631398584320,1,Stc حياه اسهل ههههه كلمه_لشركات_الاتصالات,sarcasm
M664520077459513344,1,احبكم لدرجه ودي اقابل مدير شركه الاتصالات واقوله كلمه راس على جنب كلمه_لشركات_الاتصالات,sarcasm
M665576717390635008,1,استفسار صغير انا كنت بكلم المطعم وكنت شاحن 25 جنيه والخط قطع بتصل بيقلي رصيدك غير كافي هو انتوا حاسبتو بتاع المطعم كلمه_لشركات_الاتصالات,sarcasm
M664538355682705408,1,الله يسعدكم زي ما اسعدتونا واسعدناكم بفلوسنا شكرا لكم من قلب عميل سري كلمه_لشركات_الاتصالات,sarcasm
M664534581928923136,1,شكرا على السكر والضغط والتعلق عند النوافذ في هذا الجو العليل كلمه_لشركات_الاتصالات,sarcasm
M664523002999128064,1,شكرا لاهتمامك بينا كل يوم خمسين رساله في اليوم كلمه_لشركات_الاتصالات,sarcasm
M664523892623560704,1,فلوس وختو ادونا شبكه او حتي سناره كلمه_لشركات_الاتصالات,sarcasm
M664531205401018368,1,معرفتش معنى الاهتمام غير من 011 هههههههه الرقم الوحيد اللى بيسال عليا كلمه_لشركات_الاتصالات,sarcasm
M666708583820718080,14, احذر فليس كل من بدا حديثه معك بشكل ودي يعني انه يحبك فرسائل STC تبدا بعزيزي العميل وتنتهي بفصل الهاتف وايقاف الخدم ,sarcasm
M666761720422121472,1, اذا رسائل الواتس بالموت تروح تبون تقنعوني ان النت عندكم صاروخ اي والله صواريخ ,sarcasm
M666703877786464256,1, النمل والسلحفاه والحلزون اسرع من النت حقكم ,sarcasm
M666678953843773440,1, ايوالله انكم صاادقين نتكم سريع وافضل نت في السعوديه انصح الجميع ب الااشتراك به ترااا مايعلق وسريع مممارا كيفني معكم يا استيسي ,sarcasm
M666691946279227392,1, هههههه بصراحه لو تخففون السرعه شوي كان ازين من زودها صرت افكر احمل الملف وبالنيه يحمله حتى قبل شوي حملت 10 بايت في عشر ساعات فقط,sarcasm
M666981851525996544,1, والله عيب شبكتك stc وماتكون صبور ,sarcasm
M666885853390741504,1, وانتم مالقيتو الا stc تطالبونه ب4جي ماتدرون ان الضرب بالميت حرام شوفو شركه زين قبل تكتبون حرف وهو راكب البرج محافظه_الشن ,sarcasm
M666668984763305984,1, ودي اقولكم مساا الخير بس اعرفكم ماتردون ,sarcasm
M666967546847981568,1, وذي اخس شبكه ابراجها مو كل مكان اما stc اتوقع بنو ناطحه سحاب من فواتيري سابقا ,sarcasm
M666727499817177088,1, وما ادراك ما الخدمه السيئه ,sarcasm
M666918457615753216,1, يقولك STC شغالين على القمر ما ادري وصلو زحل و الا باقي دعاياتهم كلها هياط,sarcasm
M666730821278162944,1,احد يقول لل stc انه الشوارع اللي غرقت مو الشبكه والله,sarcasm
M666723228765802496,1,اخلاقي مثل ابراج stc مره موجوده وطول الوقت ندورها اكيد وصلكم كيفني ,sarcasm
M666924888029011968,1,اعذروني امس ما كان في نت طبغا stc زينه مره عشان كذا ما دخلت,sarcasm
M666694942761291776,1,عزيزتي STC لما يكون رصيدي6 رسايل وتقطعين المكالمه وتمنعيني من الاتصال وعندي3ريال بحجه رصيدي غير كافي ما اقول الا الحمد لله على كل حال,sarcasm
M666877293940338688,1,كم هو جميل ان تصحى من النوم على رساله بفصل جوالك كم انتم لطفاا يا stc ,sarcasm
M666628764428861440,1,مقدر ادخل تويتر STC حالفه خلاص,sarcasm
M666716175733256192,1, stc قاعدين بالزاويه يضحكون يقولون اتحداك تشغلينه,sarcasm
M666761720422121472,1, اذا رسائل الواتس بالموت تروح تبون تقنعوني ان النت عندكم صاروخ اي والله صواريخ ,sarcasm
M666799397724921856,1, اكيد اخواتنا الفضائيات مجهزين لنا شركات افضل من stc ,sarcasm
M666575944358961152,1, انا اكتفيت من الحسنات اللي عطيتها STC ,sarcasm
M666690587563790336,1, حالفين علي مااشوف مسلسل على هالنت ,sarcasm
M666528280162488320,9, حتى الداعشي قفلت معه من stc ,sarcasm
M666723584199565312,1, خلت الشعب كله سندريلا يحتري الساعه 12 تدق نص_ميقا,sarcasm
M666950047184101376,2, ردد ياليل ماطولك Stc حياه بلا ابراج,sarcasm
M666679241262694400,1, سرعه نص ميقا ترافقك وين ماكنت كذا الاعلان احلى,sarcasm
M666682714586816512,1, شكرا يقلبي انتوا طفيتوا شبكه البيت وعيتوا تفعلون الخدمه اخذتوا اجر بتخلوني اذاكر ,sarcasm
M666690038101602304,1, عندي اشتراگ فور جي واكتشفت ان البرج 2G,sarcasm
M666681779839979520,1, كثروا منها وييييين سرعه,sarcasm
M666778197816705024,1, كلمه_ل_شركات_النت بنق خورافي بدون سرعه سرعه بدون بنق اما تشتري بدون ما تحصل على نت خير شر المه ,sarcasm
M666684377066262528,1, كنت بصورلكم سبيد بسرعه اقل من نص ميجا بس الصوره مو راضيه تتحمل ,sarcasm
M666579885683580928,1, لازم يكون موظف stc ساكن معكم في الحاره ولا ما فيه امل,sarcasm
M667042382584639488,1, لاوفي كل اسبوع 6 ساعات مقطوع النت وباقي تتسلق حتى الجدار تدور لهلنت ,sarcasm
M666693691495587840,1, ماعندكم الا الضعوي السلحفاه اسرع من نتكم ,sarcasm
M666687526594289664,1, مره سريع الفور جي ,sarcasm
M666762727784890368,1, من اول الاشياا اللي تتاثر بالمطر STC ,sarcasm
M666728572359438336,3, نص_ميقا الحمد لله ربع ميقا cc ,sarcasm
M666691946279227392,1, هههههه بصراحه لو تخففون السرعه شوي كان ازين من زودها صرت افكر احمل الملف وبالنيه يحمله حتى قبل شوي حملت 10 بايت في عشر ساعات فقط,sarcasm
M667001487680266240,1, والله عيب شبكتك stc وماتكون صبور ,sarcasm
M666668984763305984,1, ودي اقولكم مساا الخير بس اعرفكم ماتردون ,sarcasm
M666967546847981568,1, وذي اخس شبكه ابراجها مو كل مكان اما stc اتوقع بنو ناطحه سحاب من فواتيري سابقا ,sarcasm
M666693086190444544,1, وما اروع منكم الا هيئه الاتصالات صاير دورهم مراسله فقط بنقل الشكوى والردود بينكم وبين العميل بدون ايييي تدخل,sarcasm
M666918457615753216,1, يقولك STC شغالين على القمر ما ادري وصلو زحل و الا باقي دعاياتهم كلها هياط,sarcasm
M666730821278162944,1,احد يقول لل stc انه الشوارع اللي غرقت مو الشبكه والله,sarcasm
M666924888029011968,1,اعذروني امس ما كان في نت طبغا stc زينه مره عشان كذا ما دخلت,sarcasm
M666694942761291776,1,عزيزتي STC لما يكون رصيدي6 رسايل وتقطعين المكالمه وتمنعيني من الاتصال وعندي3ريال بحجه رصيدي غير كافي ما اقول الا الحمد لله على كل حال,sarcasm
M666877293940338688,1,كم هو جميل ان تصحى من النوم على رساله بفصل جوالك كم انتم لطفاا يا stc ,sarcasm
M667024980278923264,1,مع نت مش حتئدر تكمل تواصلك الاقتماعي مع البيبول ,sarcasm