M671413497234890752,1, اداا التعاون يبذل فيشكر الحظ و التحكيم في اعتقادي اهم الاسباب في عدم الفوز ههاردلك سكري قصيم مبروك للهلال التاهل الهلال_ ,both
M671408724414722048,9, اذا حضر العدل ينتصر التعاون اذا استمرت مهازل عيال المهنا فاز الهلال اتمناها للتعاون واتوقعها للهلال بمهازل تحكيميه ,both
M671413214354231296,25, افضل مافي لقاا الهلال اليوم هو صياح وبكاا الاصفر الصغير لذلك احب اقولهم ترونا نادي الحكومه كمل صياحك يافقراوي مااسمع ,both
M671412689474854912,1, التعاون قدام النصر يستفيد من التحكيم التعاون قدام الهلال ينحر من التحكيم صدق من سماه نادي_الدلال الهلال_التعاون,both
M671413244393820160,6, المباراهالهلال التعاون فازالهلال خسر التعاون التعاوني مبروك الهلالي هاردلك طيب صبركاني اسمع صياح من الدورالسادس تاكدو ,both
M671414177685221376,1, الهلال_التعاون اجمل وافضل انتصارات الزعيم هي التي ياتي بعدها نهيق استمر يازعيم بهكذا انتصار,both
M671412770626236416,1, الهلال_التعاون التعاون فريق بطل وممتع لكن هو فريق سيئ الحظ جدا انه لعب امام الهلال اليوم وظهر في موسم للهلال ,both
M671410891255058432,1, الهلال_التعاون الفائز الهلال المهزوم التعاون المنضغط اكيد عرفتوهم مع الزعيم في انترلاكن سويسرا ,both
M671408441165029376,1, الهلال_التعاون الفريق الصياح يغرد اكثر من الهلال والتعاون يتبعون قاعده اللي ماتطوله بيدك طوله بيد غيرك الف مبرووووووك للزعماا ,both
M671408939674836992,1, الهلال_التعاون الفقر هالليله من كثر الصياح احس بينطق فيه عرق وهو نايم من الضغط والسكر اللي بيجيه مبروك لنا يالامه الهلاليه ,both
M671409739629256704,1, الهلال_التعاون انا هلالي و هدف التعاون صحيح وضربه جزاا مستحقه لهم شكرا يالحنفوش ويالله ارفع صوتك خلني اسمع صياحك ,both
M671409959993786368,8, الهلال_التعاون دونيس لعب باعصابنا بالتشكيله اللاعبين اللياقه تعبانه شوي من بعد الشباب ما يلامون وعبدالعزيز الدوسري مبروك ,both
M671409735111991296,4, الهلال_التعاون سسمععني اقوووى صصياح تراك بالمركز السادس مانسمعك ززين ممبروكك ي ززععيممم ,both
M671416059518443520,1, الهلال_التعاون سيظل الزعيم ملك البطولات المحليه والخارجيه والقاريه وسيتمر مسلسل الدعس لكل فريق تلو الاخر,both
M671408915297533952,3, الهلال_التعاون شكرا ياشكري انت حكم منتاز فوز الهلال بالغش ولم تحتسب خمس ركلات جزاا لتعاون اضغط مضغوطهم اكثر سمعونا صر ,both
M671413780706914304,50, الهلال_التعاون صائد التسللات ارفع قبعتي له احتراما وتقديرا لانه سبب كميه صياح للفقراوين كادت ان تفجرهم ,both
M671409165034758144,1, الهلال_التعاون فايز ومتاهل وفوق هذا تسمع صياح بعض الناس يابعدهم_يالهلال ,both
M671411505087258624,1, الهلال_التعاون قدم التعاون مباراه كبيره وماقصرو لكن يظل الهلال بطل ولاعزاا للبكائين,both
M671413669255905280,1, الهلال_التعاون قسم بالله ما يحلى الفوز الا بصياحهم ,both
M671409931258626048,11, الهلال_التعاون قصف جبهه للنصراويه من الشيخ احمد الفهد ويلومونا في حب الهلال شوفو رده طلع هلالي ,both
M671408320536821760,1, الهلال_التعاون قلتها واكررها ابطال ونعم الابطال ابدعتم وكانت المنافسه مع الحكم للاسف لك الله ياسكري القصيم ,both
M671414589184155648,1, الهلال_التعاون لاجديد هكذا يكسب الهلال بطولاته منذ وفاه فيصل بن فهد ولا منافسه شريفه بوجود الهلال يبقى النصر رائدا ,both
M671408376383995904,2, الهلال_التعاون لذه الفوز والتاهل اكتملت بصياحهم ,both
M671410301909209088,1, الهلال_التعاون لكل جماهير الهلال اجعلوها قاعده لديكم اذا تباكوا وقالوا ان التحكيم مع الهلال فاعلم ان الهلال بالف خير ,both
M671408361074778112,1, الهلال_التعاون لو الغاا الهدف خطا من الحكم مكان انبسطت بالفوز بس الحمدلله م طلع خطا مو زي بعض الناس يفوزو بسبب فريق سجل على نفسه وبيتجننو ,both
M671409149306142720,1, الهلال_التعاون مادام النصراويين يصايحون فتاكدو ان رياضتنا في الطريق الصحيح ,both
M671415977104547840,2, الهلال_التعاون مبروك الفوز وصياح الصغار زاد متعته سمعووووووووووونا صياحكم ,both
M671409379355308032,3, الهلال_التعاون مبروك زعماا وسمعني صياحك ياقدع ,both
M671409970295005184,2, الهلال_التعاون مبروك للزعيم التعاون ابداااع اليوم الميدا غير الباقين معليييش فقراوي صيييح كمان وكمان امتعني,both
M671408805830377472,8, الهلال_التعاون مبروك للزعيم الفوز المستحق جماهير الحفايظ نبي صياح اقوى مستواكم هالفتره بالنياحه ماعجبني زي اول ,both
M671410004583440384,1, الهلال_التعاون مبروك للزعيم الفوز بس ازعجونا الفقراويه صياح وتشكيك يالربع شوي شوي لايجيكم السكري,both
M671410570621542400,1, الهلال_التعاون مبروك يا هلال فالك الدوري والكاس حكم قوي وادااه مشرف ويستمر صياح النصروايين في كل مكان وزمان,both
M671412410213867520,5, الهلال_التعاون مبرووك الفوز والتاهل واضضغط المضغووط اكثثثثر ,both
M671410791346798592,5, الهلال_التعاون مبرووك عشاق الزعيم مباراه خروج مغلوب ولكن المستوى متواضع الثبات ع تشكيل مهم ومن صايح ع التحكيم يراجع كوارث مر ,both
M671408495271534592,1, الهلال_التعاون مبرووووك لكل هلالي و حض اوفر لكل نصراوي اشوف النصراويه ينابحون اكثر من التعاونيه ,both
M671413758292553728,23, الهلال_التعاون مث ل ال ذهب لايمكن ان ه يصدي ذاك الزعيم اللي يح قق مرادي والا النصر وضعه صعيب متردي حتى الهزيمه عندهم شئ ,both
M671408306150383616,28, الهلال_التعاون نجلد اصفر القصيم واللي يصيح اصفر الرياض مبروووك الزعيم الفوز والتاهل والقادم اجمل باذن الله ,both
M671410296741871616,2, الهلال_التعاون والله انا اشوف ان الحكم عادل مثل عداله نيشمورا بعيونكم صيحوا لين تشبعون ,both
M671410958263328768,1, الهلال_التعاون وسمعني صياح اكثر الف مبروكك ي زعمااا ,both
M671413684623843328,4, انا مشجع هلالي واقول التعاون فريق محترم جدا وربما تعرض لالغاا هدف صحيح وبعض الظلم الهلال_التعاون,both
M671411000739016704,1, انا هلالي لكن حقيقه الهلال لايستحق التاهل ولايستحق الفوز التعاون كان افضل في كل شيا وارتكبت عليه اخطاا تحكيميه الهلا ,both
M671408322101166080,1, تاهل وكشته والعشا مندي تيس والمعازيب نصراويه الحمد لله على نعمه الهلال الهلال_التعاون ,both
M671409679252250624,2, تريليون م بارگ ي ملكي وللاعزاا الحاقدين حظ اوفر الهلال_التعاون ,both
M671409028183023616,2, تفوز وتتاهل وتسمع صياح اظن مافي احلى منا كذا الهلال_التعاون اضغطهم_ضغط فوبيا_الهلال,both
M671412401359691776,1, جلدنا السكري جلدا جيدا الف مبروك لكل الزعماا اللي برا البطوله العنب حامض ماتقدر تطوله هذا الكاس بالذات لعبتنا ,both
M671408911677812736,6, حاله الفقراويه والاتهاديه والطحالب في التاق والف الف الف مبروك التاهل المستحق يا زعماا وزعيمات اسيا الهلال_التعاون ,both
M671412006562435072,1, دونيس اجاد في اقحام القرني لاقفال المنطقه بديلا للكعبي واخطا في اخراج الشمراني المتحرك جوميز اجاد ببدر الخميس هجوميا ,both
M671413664910581760,4, رجع الوضع الطبيعي الهلال يلعب ويفوز ويحقق ويتاهل وجماهير واعلام النصر يصارخون ويبكون خلفه كعادتهم المستمره من عقدين ,both
M671411254389534720,1, سكري القصيم يقدم مباره ولا احلى لكن حسبي الله على من ظلمهم الهلال_التعاون,both
M671408583666499584,13, شكرا للحكم العالمي على انصاف الهلال صياحكم عالي قصروا الصوت شوي و_سمعني_صياحك الهلال_التعاون,both
M671409367133106176,13, عزيزي الهلالي اذا رايت النصراوي يصيح فااعلم ان الهلال يسير في الطريق الصحيح الهلال_التعاون,both
M671412659183579136,1, على قوميز ان يوجه لاعبيه بالتراجع حتى لا تكون الهزيمه ثقيله فانت تلعب امام الهلال يارجل رغم انه غير كامل الهلال_التعاون,both
M671414187206250496,3, قاعده ثابته بكوره القدم اذا سمعت صياح النصراوي فاعلم ان الهلال يمشي بالطريق الصحيح الهلال_التعاون,both
M671408572178280448,4, كان قليل ادب لكنه كان يخجل علي الاقل الهلال_التعاون,both
M671415348646821888,5, كل مافاز الهلال زاد صياحهم قلتها لكم لنا الانتصارات ولهم البكائيات الهلال_التعاون ,both
M671411673937367040,1, كيدهم كيدهم وان قدرت تزيدهم زيدهم انت الهلال سيد النوادي وسيدهم الهلال_التعاون ,both
M671413720719994880,1, مازالت ام زكي تعلم ابنائها لكي يتثقفوا من كيفيه الافتراا الحمدالله رجال الشقرديه في الموعد والف مبروك وباذن الكاس الهلال_التعاون,both
M671408776340205568,1, مافيه اجمل من اليله جماهير تزف فريقها لبطولته المفضله وجماهير تقبع بالسادس تشعل تويتر بالصياح والنباح متعه للامانه ,both
M671408532084948992,6, مبررووووك لزعيم القاره وكبيرها سمعني صياااحك ي فقيرررر الهلال_التعاون,both
M671415821210689536,3, مبروك للزعيم وهارد لك للسكري المبدع اما اهل الصياح زادكم الله صياحا ومن هالحال واردى ان شاا الله الهلال_التعاون,both
M671414671652618240,1, نجم الشوط الاول شكري الحنفوش لبى قلبه اضغطهم الهلال_التعاون ,both
M671408821949079552,2, نحن ننتصر و الفقراويه و امثالهم يحللون الاخطاا التحكيميه و مع شويه صياح ما يضر الهلال_التعاون ,both
M671413686775455744,1, هاردلك للتعاون ابدا ما يستحق الهزيمه كان يستحق الفوز ولكن التحكيم وقف ضده التعاون_الهلال الهلال_التعاون,both
M671408732576849920,2, وكالعاده وبالتخصص يتم دعس كل ماهو اصفر الزعيم ي ساده مسسساكم فرحه ب فوز الهلال الهلال_التعاون,both
M671416285209718784,3, ياهلالي تاهل وارتاح انت تفرح وغيرك صياااح اللي انهزم التعاون واللي يصيح الفقراوي و الاتشادي الهلال_التعاون ,both
M671412546415542272,1,اجمل مافي الفوز صياح النصراويين بعد كل فوز ل الهلال ارفع صوتك ما اسمعك افضل_صياح الهلال_التعاون ,both
M671413002126667776,1,اجمل مافي انتصارات الهلال هو ذالك الصراخ الاصفر الذي يتبع انتصاراته الهلال_التعاون,both
M671415304535326720,1,التعاون فريق بامكانيات ضخمه من اسماا ومدرب واداره استحق الفوز والتاهل والبطوله ايضا لكن نحر تحكيميا حسبي الله ونعم الوكيل الهلال_التعاون,both
M671415536954318848,1,التعاون فريق قوي السبب في خسارته انه لم يوفق في احراز الفرص الكثيره وايضا بسبب تالق شراحيلي هاردلك للتعاون ومبروك للزعيم الهلال_التعاون,both
M671408975997480960,1,الف الف مبروك الفوز يا زعماا واغبن المغبون اكثر اغبنهم الهلال_التعاون الزعيم دوري_عبداللطيف_جميل اكشن_يا_دوري ,both
M671410059331706880,1,الف مبروك للملكي الفوز الصعب على التعاون واضغط المضغوط اكثر احلا مافيدالمباره ان بعض الناس كان يحلم ويحلم وانكسر الجحفله فيه الهلال_التعاون,both
M671410633972281344,1,الف مبرووك الانتصار المستحق المسلوب بفعل فاعل ماقصرتوا يارجال السكري الهلال_التعاون,both
M671412105954918400,1,الفوز للزعيم سيد اسياد اسيا والصياح من بنو الاصفر الصغير اصيح صياح ماحي درابي مصيبه وان حكيت اكبر مصيبه الهلال_التعاون,both
M671412340684926976,1,الهلال يستعد للغد والاصفر يصايح لنهايه الموسم الهلال_التعاون الهلال ,both
M671408773991407616,1,الهلال يفوز على التعاون جمهور النصر يلطم ليش الهلال_التعاون,both
M671408854534651904,1,الهلال يفوز على التعاون والنصراوي يصيح الهلال_التعاون,both
M671409577552932864,1,بطل ياشكري هكذا الحكم والا فلا موووووووووتو قهرررررررر يازين الفوز بالتحكيم له طعم خااااااص يشعرك بمتعه الطقطقه الهلال_التعاون,both
M671414498864033792,1,تستاهل الفوز ياهلال واضغط المضغوط اكثر الزلزال الميدا خالد_شراحيلي شكرا الهلال_التعاون ,both
M671408594559049728,1,تمنيت الهلال ياكل من يده الهلال_التعاون التعاون ظلم في هذا اللقاا التعاون_الهلال هارد لك سكري القصيم ابدعت فامتعت شكرا لكم ,both
M671412014909161472,1,جهاد الحسين الهلال_التعاون ,both
M671410093678845952,1,حكم عادل نزيه نحتاجه كثيرا ليته يشوف الحكام الرخوم وش يسوون بدورينا الهلال_التعاون ,both
M671414744910323712,1,صراحه البناا الحقيقي بفريق التعاون اما اللي قاعد يصير بالاتحاد ليس بناا انما غباا الهلال_التعاون,both
M671408462111354880,1,طز بشنب رجال مايفتخر فيكم الهلال_التعاون ,both
M671416102258409472,1,عيال خوله مغطين علينا بالصياح خلونا نفرح بالفوز والتاهل وعقبها نرجع نطقطق عليكم يالي ماعندكم احساس الهلال_التعاون,both
M671409325403938816,1,فديت مساعد الحكم فديته زيدوا الصياح الهلال_التعاون ,both
M671415299766374400,1,فوز الهلال وتاهله لاينسيكم ان فيه ناس تتعاطى عشان تلحق كور صياح_جماعي الهلال_التعاون,both
M671411813603540992,1,فوز هلالنا متعه وصياحكم طررررب الهلال_التعاون,both
M671415993038696448,1,فوزك يازعيم يسبب صراخ ونياح للجميع الهلال_التعاون,both
M671413527597436928,1,قالهاا عبدالرحمن بسعود رحمه الله عطو الهلال بطوله وخلونااا نتنافس على باقي البطولات الهلال_التعاون,both
M671415389004414976,1,لعب الهلال_التعاون فاز الهلال فرح جمهور الهلال خسر التعاون صاح جمهور النصر وت ذا فاك ,both
M671410697591476224,1,لك الله يا التعاون قدم مستوى ممتاز وفاز الوضيع بالتحكيم والدفع المساعدي الهلال_التعاون,both
M671410508243845120,1,للعداله والانصاف حنفوووش زيد الصياح زيد الهلال_التعاون,both
M671415214953340928,1,لم تسمي الزعيم عبثا فانت كبيرهم رغما عنهم والسنتهم الفاضحه تشهد دلال الهلال_التعاون الهلال_يهزم_الخصم_والتحكيم,both
M671410715228577792,1,ما شاا الله على الزعيم في كل مباراه يصير احلى و اجمل و يكيد بعض الناس ترا ما اقصدكم ي الفقراويه الهلال_التعاون,both
M671415367969972224,1,مبروك الفوز يا زعماا وكل الشكر والتقدير للجمهور الحاضر في الملعب ابدعتوا فوز بجداره ولينبح الكلاب الهلال_التعاون ,both
M671408575110103040,1,مستوى رائع من التعاون اخطاا دونيس في التشكيل جمهور القصيم مبدعين صياح جمهور السادس الهلال_التعاون ,both
M671408809949138944,1,هذا الاصفر اللي تحسب له حساب مو الاصفرين اللي يصيحون نادي البشوت يمشي و يشوت حرراق يا زعيم الهلال_التعاون ,both
M671409582380552192,1,هلا بالغش دام لي يصيح الفقراوي الف مبرروك ي ملكي ي زعيم الفقراويه نسيتو يد دلهوووم الهلال_التعاون,both
M671412180567347200,1,ولا زال الهلال ينجو بمساعده التحكيم ما حيينا والله ماعرفلكم الا الذيب نيشيمورا الهلال_التعاون نادي_الدلال ربك_فوق_ياظالم,both
M675267694405558272,69, اجمل مافي مباراه الامس السيئه الهلال_الاهلي ,both
M675216260205027328,9, احبه لو انه ينهزم يا مساكين ولو يرجع لمركزك يالاصفر الشين يكفي غرامه جاب سته وخمسين ومتربع بعرش الصداره من سنين الهل ,both
M675255762915074048,1, الاهلي استحق الفوز دونيس اضاع المباراه سالم و عزوز مستوى سيا جدا ان شاا الله انك مرتاح يالمفرج ع الدواسر الهلال_الاه ,both
M675241093567537152,2, التايم حاليا اجبرني احول على مباراه الهلال_الاهلي ناس تصيييح وناس تبكي وناس تضحك متعه ,both
M675227800123609088,12, الحمدالله ع كل حال خسرنا مباراه والقادم اجمل لازلنا بالصداره مبروك للا اهلي هاردلك ي زعماا الهلال_الاهلي ,both
M675254713936445440,5, الف الف مبروك ياجمهوو الاهلي وهاردلك جمهور الهلال وليد_باخشوين باخشوين الهلال_الاهلي عقيل_بلغيث ,both
M675226616721776640,2, الف مبروك للاهلي روح قتاليه من اجل الدوري لا يرضى الا به وصوره بدون تحيه مع تفله في وجه سالم الدوسري وعزوز الهلال_الاهلي,both
M675192338449342464,24, الف مبروك للاهلي وهاردلك للهلال الهلال_الاهلي ,both
M675195749471227904,1, الهلال يضيع الفرص السهله والاهلي يستثمرها بالفوز مبروك للاهلي هاردلك زعيمنا الهلال_الاهلي,both
M675186227847561216,23, الهلال يمتلك نجوم لكنه لا يمتلك ارواحهم خساره اليوم عوده الغد عد ي دونيس كما عهدناك مبدعا الهلال_الاهلي ,both
M675274010712793088,3, الهلال_الاهلي 10 مباريات من الدوري 8 فوز للهلال بالحكم المحلي و هزيمتين مع الحكم الاجنبي المحلي يظل محلي ,both
M675258613561204736,1, الهلال_الاهلي اذا ماستوعب الهلال اخطااه الكوارثيه مبكرا سلاما على الدوري تحيه للجماهير على الدبل التيفو الخرافي ,both
M675221175115583488,1, الهلال_الاهلي الهلال يضيع و الاهلي يسجل مجووووول راااائع من مهند عسيرير,both
M675276829591273472,10, الهلال_الاهلي حنا حكومه نخسر ونتصدر ,both
M675200911170490368,5, الهلال_الاهلي رغم خساره الهلال واحتفال لاعبي الاهلي ببطوله الفوز علئ الهلال الا ان الهلال باقي متصدر وكل النوادي من بعده ,both
M675218721250635776,1, الهلال_الاهلي مبروك للاهلي واثبت دونيس انه فاشل في مباريات الحسم الهامه اعتقد نهايه الموسم يجب ان يغادر,both
M675205389328216064,5, الهلال_الاهلي هاردلكم يازعماا مبروك للاهلاويه بدل ماكانت لنا اضاعها الميدا اللاعبين كلهم سيئين اليوم دونيس يتفلسف زياده,both
M675215520031969280,4, في ظل فرحتي بفوز الاهلي ينتابني بعض الحزن على حرماننا من سماع الاهزوجه الجديده الهلال_الاهلي ,both
M675209436865146880,1, مانتركك ياهلال نفرح لفرحك وننكسر لحزنك الهلال_الاهلي,both
M675281460748812288,1, مباراه الهلال_الاهلي انتهت نبارك للاهلي بالفوز المستحق ولا عزاا لدونيس وتخبطاته ,both
empty,1, قبله على راس ناصر والزوري احترقوا من اجل الهلال تفله بحجم السماا ل سلمان الحي يحييك والميت يزيدك غبن ,both
empty,1, قلتها من زمان الزوري هو النجم الثابت في الهلال لكن مظلوم جماهيريا واعلاميا ,both
empty,1, كل مبارات للهلال ننتظر الهلال يعود للمباراه متى يخلص الهلال المباراه المدرب شجاع ولكنه غبي ومجازف,both
empty,1, لاعب النصر السابق ولاعب متميز الخ ولكن الحكم ظلم الهلال ويكفى ان المباراه على باب واحد ومبروك التعادل مع القادسيه ,both
empty,1, لاننكر الهدف الصحيح ولكن لاتنظر بالعين الواحده ضربه جزاا للسومه طرد لسالم واخيرا استحق الهلال البطوله,both
empty,3, لجنه المهنا تسير على خطى ثابته لاسقاط الهلال لكن مستوى الهلال واصراره يتغلب عليهم بتوفيق الله,both
empty,9, ماتسوى علينا هالخطا احسنوا النيه هاردلك لجماهير الاهلي ومبروك لجماهير الهلال ,both
empty,1, مباراه جميله قدمها الهلال_الفتح تعتبر خساره للهلال ونقطه ثمينه للفتح الهلال بصراحه لن يخسر بسهوله من احد الا اذا اراد لاعبي الهلال ذلك ,both
empty,1, مره تمدح ومره تسب حسب وضع الهلال,both
empty,1, ناصر ابدع ياسر لعب ربع ساعه وامتع هدفهم الثاني تسلل والفاولين مشكوكين فيها الوالي قدم اسوا مباراه له بقميص الهلال شراحيلي لا تعليق,both
empty,55, ناصر الشمراني نجم مباراه اليوم سلمان الفرج عطيناك اكبر من حجمك وانت ولا شي ماضيع الهلال الا انت يازلابه الهلال_الفتح ,both
empty,2, ناصر الشمراني والزوري من الهلال والتون من الفتح نجوم المباره والفرج دمار على الفريق ,both
empty,3, ناصر_الشمراني اليوم يصنع ويتحرك ويشتغل للفريق يا ابن سعد لازم تكون لك كلمه صارمه مع العنيد العبيط دونيس مثله يكون في ,both
empty,3, نجم هذه المباراه عبدالله الزوري والاسوا كان الفرج والتحكيم ومع ذلك الهلال المتصدر حتى الان الهلال_الفتح,both
empty,1, نقاش جميل صراحه لا اللي خربه الهلال ,both
empty,3, هاردلك لمدرج الهلال العظيم بدايه سيئه ثم عوده للروح الكبيره تالق لالتون وعلامه استفهام على الفرج في نظري كسبنا نقطه ولم نخ ,both
empty,1, واعتقد انه الهجوم على اللميدا خطا عندما يفوز الهلال تمدحونه ولما يخسر تذمونه لاعب سيترك بصمه بالهلال باذن الله,both
empty,3, ي عمررري ي ناصر والزوري انتم روح الهلال شكرا على ماقدمتم انتم وياسر وتفله بحجم السماا للفرج الهلال_الفتح,both
empty,1, يارب تكمل بخساره الهلال وفوز الاهلي,both
empty,1, يارب خساره الهلال وصداره الاهلي ,both
empty,1, يامن تطالب بناصر بديل الميدا ناصر لعب مباراه كامل ولا سوا شي يذكر الميدا سبب دربكه وسجل هدف لانقول هذا افضل من هذا يجب ان ندعم ,both
empty,1, يتعثر الهلال تنتقد الحكام يفوز تمجد اللاعبين والمدرب كفايه صيااااح,both
empty,3, يزعلنا بمباراه ويراضينا ببطوله الهلال الهلال_57_بطوله,both
empty,28, يزعلني النصر ويضحكني الهلال الهلال_الفتح النصر ملوك_العالمي,both
empty,3, يزعلني الهلال وانت تراضيني ,both
empty,1,1_هذا ناصر للي يسال 2 شوفي الاحصائيات حقت المباراه واحكمو من السبب الاعبين ودونيس دونيس بطل لكن الهلال لازم يتخلص من الشبه رجال في الملعب,both
empty,1,اجمل مافي مباريات الهلال انها كلها جحفله في جحفله ,both
empty,1,اجمل مافي هالمباراه انتفاضه الزلزال واسوا مافيها رعونه الفرج الحمدلله على كل حال الهلال,both
empty,1,اجنبي الفتح الوحيد ابدع واجانب الهلال الثلاثه خذلوا فريقهم دونيس يصر على حرق الشمراني وسط تفرج من الاداره ,both
empty,1,احب الاتحاد واكره الهلال ,both
empty,1,احب الهلال واكرهك ,both
empty,1,اخر خساره للاهلي ضد الهلال وعاد الهلال ولقن الاهلي درس اخر مببببروك لكل الاعبين والاداره وجماهير ان شاا الله نكملها بالبطوله 58,both
empty,1,اذا احد شاف الهلال مهزوم من اول اللعب واصح مثل وضوح الشمس انه بيفوز اخر المباراه ,both
empty,1,اذا اراد الهلال اسيا 1 ابعاد الفرج 2 ابعاد الدجه الميدا 3 احضار الظاهره الفاهم بدهاليز الكره سامي الجابر غير كذا ياهلاليون لاتحلمون ببطوله ,both
empty,3,اذا الهلال يبغى الدوري لابد يراجع نفسه المدرب بيض الله وجهه اذا لاعب الهلال يطلع واحد ويخرب الي صنع الهلال_ الفتح,both
empty,1,اذا فاز الهلال السبب دونيس اذا خسر الهلال السبب اللاعبين,both
empty,1,اعتقد ان على نادي الهلال البحث عن حارس مرمى بديلا عن خالد شراحيلي اللغير قادر على تامين مرماه الهلال غالي على محبيه,both
empty,1,اعجبني اللي صار من جمهور الهلال للفرج وقت خروجه درس له واي لاعب يتخاذل الجمهور يعشق الكيان ولا تهمه الاسماا الهلال_الفتح,both
empty,3,اعجبني جمهور الهلال عندما اطلق صافرات الاستهجان على الفرج ليعرف فقط ان الجمهور هو من يرفعك فوق وينزلك تحت انت ولاشي بدون بشعار الهلال ,both
empty,1,اعلم غضبك على سلمان لاكن هو لاعبنا يجب نسانده اذا كان بجانب كريري يبدع لان كريري يدعمه ع العموم هاذا تشكيله الهلال ,both
empty,1,افضل لاعبي الهلال ناصر والزوري والاسوا ادواردو والشراحيلي والفرج اولهم الهلال_الفتح,both
empty,3,افضل مافي المباراه الزوري والشمراني واسوا مافيها الفرج والحكم الهلال_الفتح الهلال,both
empty,1,اقدر حزن الهلاليين للخساره بالتعادل امام الفتح وكذلك فرح الاهلاويين بتعثر الهلال واقول لغيرهم خلك بالمدرج واتفرج على سباق الصداره ,both
empty,1,الاهلي برقم قوي جدا بدون خساره ولسوا حظه واجه الهلال وعلى نهائي والهلال اذا شاف الذهب مايوقفه احد<U+270B> اخذ البطوله منه وكسر رقمه الهلال,both
empty,1,البدلاا اليوم كانوا قد المسؤليه صنعوا الفارق لكن الحظ حرم الهلال من الفوز ,both
empty,1,التون لاعب الفتح لايزال الافضل في السعوديه اضافه لادواردو الهلال وريفاس الاتحاد لاعب يصنع الفارق وتغييره خطا كبير من ناصيف البياوي,both
empty,1,التون ودي احكك وجهك حك ي النصاب ويبقى الهلال سيد الانديه <U+2665><U+FE0F> الهلال_الفتح,both
empty,1,التون يدرس لاعبين الهلال فنون الكره ويضعهم اشباه لاعبين احمد ربك يالهلال انك تعادلت الهلال_الفتح,both
empty,1,الجميل اليوم مستوى ناصر والعابد الهلال يحتاج لهم في المباريات القادمه في ظل تعلعل بعض اللاعبين ,both
empty,1,الحسنه الوحيده الي كانت لجروس كان يضرب الانديه الكبيره بالاربع الموسم ذا تعادل مع النصرر والشباب خساره من الهلال فوز بشق الانفس على الاتحاد ,both
empty,1, ابد مو طموحي وشعوري شعور الهلال خسران احنا كهلاليين مانرضى الا بالفوز والصداره,both
empty,1, اتكلموو بصدق الهلال فريق قوي عنده مدرب عنده رئيس يحترم الهلال وجمهور النصر فريق قوي ولاكن عندنا مدرب حمار ورئيس غبي وعنيد ا ,both
empty,1, اذا فاز الهلال صار مدرب اسطوري اذا خسر صار زلابه شوي منطق,both
empty,1, اسالك بالله كل هالمستوى وتقول ضعيف عيد المباراه وشوف الهلال اكل الملعب اكل بس الحكم والحظ ضدنا وانظر لها نظره المحايد,both
empty,1, اعشق الاتحاد واتمنى تعثر الهلال والاهلي ليتقارب النقاط,both
empty,10, التحكيم خذل الهلال اليوم ولكن رغم التعادل الا ان الهلال قدم مباراه جميله شكرا لهم الهلال_الفتح,both
empty,1, التعاون يملك رباعي اجنبي مميز والمباراه ستقام في ارضه متوقع تعثر الهلال وخروجه منهك وانهاكه سيخدمنا في النهائي ,both
empty,1, التون جوزيه لاعب يصنع الفارق ماهو مثل التون الميدا نقص على الهلال,both
empty,1, الحفل_الختامي_زد_رصيدك لنترك مباراه الهلال اللي جلطتني ونتابع الحفل الفخخم الهلال_الفتح,both
empty,1, الحمدلله على كل حال على الاقل شفنا الهلال اليوم شوط اول عظيم شوط ثاني افسده المدرب نواف العابد نجم المباراه مع جحفلي,both
empty,3, الزوري ناصر العابد الافضل البقيه كلهم سيئين وعلى راسهم الحكم الاهلاوي المرداسي هاردلك للزعماا الهلال,both
empty,6, الزووووري نجم المبارات وزيتونه لازم الاداره تمردغه هاردلك تعادل بطعم الخساره لاجديد علي الهلال دايم يصعبها عليه ,both
empty,10, العام النصر متصدر و فاز على الفتح 4 2 و تربعنا على الصداره الان الهلال بيخسر الصداره امام الفتح شتان بين كبير الرياض و صغيرها,both
empty,1, اللهم لك الحمد بعد ما دونيس واختياراته الخاطئه والفرج والاستهتار والثقه الزائده الزوري يرجع هيبه الهلال,both
empty,12, الهلال على قد مايمتعك وقت المباراه على قد مايحرق اعصابك لاخر لحظه,both
M669264785687580672,9, اتوقع برشلونه بيحققون السادسه هذا الموسم مافي فريق ينافسهم وبيقربون من العاشره الله ياخذك يابيريز انت وطباخك برشلونه_روما,both
M669273847997317120,3, اخر خمس دقائق من مباراه برشلونه_روما روما يهاجم ويحاول ولايضيع اللعب رغم خسارته سته اهداف انديتنا تخسر بهدف وتجلس تبطح بالملع ,both
M669264150330257408,1, ارحموا عزيز قموما ذل البرشا يضرب ب الخمسه وقد يزيد الغله والف مبروك لگل برشلوني برشلونه_روما,both
M669270814013808640,55, اسطوره اسياد الدفاع تتحطم الشكر لروما غارسيا اخر ما تنتظره من فريق بدفاع هش ان يلعب بدفاع متقدم امام البرسا في الكام ,both
M669268673757061120,5, الف الف مبروك بعد الحصه التدريبيه في البيرنابيو تم دعس وضيع العاصمه روما هيا بنا الى دور ال 16 فيسكا بارسا فيسكا كتلونيا بر ,both
M669275393011109888,3, المشكله اللي يقولك روما فريق كبير و فريق عريق ه اردلك العاصمه برشلونه_روما,both
M669301912269938688,1, ايام جميله يعيشها الكتلان لا تنسونها ابدا السبت والثلاثاا في غضون اربع ايام 10 اهداف حرام والله ننسى هالمسخرهه والرعب برشلونه_روما,both
M669268061904572416,3, برشلونه في كفه وانديه العالم في كفه سووا لنادي برشلونه بطولات مستقله لانه كذا عيب اللي يسويه اجرام برشلونه_روما ,both
M669277797022613504,1, برشلونه_روما احسن علشان ابو مكه مصاب اعرفو قيمته يا كلاب حبيبي يا ابو مكه ,both
M669264739864870912,1, برشلونه_روما البرشا فريق قوي لكن اغلب المدربين مايعرف يتعامل مع البرشا الوحيد اللي عرف يتعامل معاهم مدرب سلتا فيقو اخذو من البرشا 7 نقاط,both
M669277964677349376,1, برشلونه_روما الف الف مبرووك الفوز لبرشلونه وهاردلك لروما الذي شوه سمعت الكوره الايطاليه,both
M669282083504791552,1, برشلونه_روما اما ان تلعب الكره مثلما يلعبها برشلونه او دعونا نتفرغ لسحق جمجمه كل من يتحدث عن المتعه بعيدا عن برشلونه ,both
M669280177667620864,3, برشلونه_روما روما ينصك من برشلونه 6 1ويلعب بكل روح ورجوله ونادي الطحالب انصك من الشباب 6 1وقاموا يتسدحون وانسحبوا تفووو ع ,both
M669292526344511488,1, برشلونه_روما ماحبك يابرشلونه لكن مجبرا اخاك لابطل انت رائع,both
M669281620495622144,1, برشلونه_روما مافيه فريق بالعالم الا ذله برشلونه بختصار برشلونه افضل فريق بالعالم كل الفرق يكون عندها هبوط بالمستوى الا برشلونه لا يسقط,both
M669270086163824640,1, برشلونه_روما مبروك ل برشلونه افضل فريق حظرت زمانه بلا منازع وهاردلك ل روما لا داعي للكلام والنقد واللوم انتهى كل شي تكلم بعد رحيل جارسيا,both
M669268200715067392,4, برشلونه_روما ميسي ما قال باخذ البلنتي وبكون الهداف التاريخي للابطال اخس وجه يا بلنتيانو ,both
M669269888482021376,1, برشلونه_روما ميسي مستواه فاشل جدا بالمقارنه مع مستواه القوي ما يصير نقول ميسي فاشل مقارنه مع لاعب ثاني الافضل_دائما,both
M669309898728071168,1, برشلونه_روما ميلان فى اسوا حالاته كان يادى وفاز على برشلونه 2 0 رغم العوده السيئه ولكن يبقى ميلان فخر ايطاليا فورزا روسونيروووو ,both
M669266479527931904,3, برشلونه_روما نيمار سيا الحظ اليوم وشتغين عاد لمستواه وبقوه مصر انه يحافظ على شباكه ويثبت نفسه افضل حارسين بالعالم برافو شتغ ,both
M669268751389446144,1, برشلونه_روما نيمار مستوى بلا هدف اتمنى سوا الحظ ماياثر عليه في قادم المباريات نحتاجه كثيرا من ميسي وسواريز نجوم الليله ,both
M669288797956362240,3, برشلونه_روما يخسي ليفا واقويرو افضل مهاجم بالعالم لويزيتو ,both
M669277409401823232,1, برشلونه_روما يغيب صلاح وتغيب روما اين انت ايها القمر في هذه الليله المظلمه ,both
M669265108116365312,1, تخيل هذا يقارنونه بابو القاصرات والفضايح مهاجم من ذذذذذذهب برشلونه_روما ,both
M669504418967105536,3, تدريب برشلونه محسودين الكتلان بهذي الاجيال جيلا بعد جيل يزداد الابداع برشلونه_روما برشلونه ,both
M669288813051686912,7, جارسيا انا لست قلق ا نحن لا نحب الخساره بالتاكيد والشباب مستاؤون لكن برشلونه هم الافضل بالوقت الحالي برشلونه_ر ,both
M669290860513742848,8, جارسيا نحن غاضبون لاننا خسرنا بهذا الشكل لكن الان علينا ان نفكر بشكل بحت بشان الفوز على اتالانتا وثم بوريشوف برش ,both
M669264550575804416,3, جريده الاهرام برشلونه يهايط على روما بسبب غياب الاسطوره و الي افضل من ميسي محمد صلاح برشلونه_روما ,both
M669266350938943488,3, حراسه البرشا اصبحت قويه كل حارس افضل من الثاني بعد دكتورالفس اللي اضاع بطولات ع البرشا برشلونه_روما,both
M669269627638308864,2, حقبه اراهن انها بدت ب الاغتصاب من رباعيه مدريد سيطره دفاع ضغط على الكوره مافي اي سلبيات شاهدتها اليوم برشلونه_روما,both
M669274567022665728,1, خلال اسبوع واحد فقط سجل 10 اهداف واذل ملك اسبانيا وملك ايطاليا انت عظيمهم برشلونه برشلونه_روما ,both
M669269316483817472,1, روما جت فى وقت غلط خالص جايين والعيال عندهم كفااه ياكلو طوب الارض برشلونه_روما,both
M669268805160333312,1, روما لو بايع المباراه ما كان تهزا هالتهزيئ بس على الاقل جاب هدف شرف احسن من جماعه ال 4 0 برشلونه_روما ريال_مدريد,both
M669269057166778368,1, روما و رغم الهزيمه الثقيله الا ان حظوظه في التاهل كبيره الذئاب بحاجه الى الفوز باي نتيجه على باتي_بوريسوف برشلونه_روما,both
M669266322602217472,4, شتيغن نايم طول المباراه وفي الاخير صد ركله حزاا الماني اصلي برشلونه_روما,both
M669788976337829888,1, ضاع روما مع متعه برشلونه وش ذا اللعب برشلونه_روما,both
M669265580663377920,21, كفرت غلطتك بالذهاب خلاص ياشتيغن انت البطل برشلونه_روما,both
M669265148423577600,3, كل لاعبي العالم ينخفض مستواهم بعد الاصابه الا ميسي فهو يعود بعد الاصابه بركبه قويه كالحديد والاسمنت خرسانه موركبه برشلو ,both
M669264973730816000,4, ما نشاهده ليست مباراه كره قدم بل عبث ب كره القدم برشلونه وكفى بها متعه برشلونه_روما,both
M669274717686210560,3, مايكون اخر عمره يلقم بالسته والسبعه بعد ماكان افضل ظهير ايمن في العالم راحت ايامك ياوحش برشلونه_روما ,both
M669265577970634752,12, ميسي راجع من اصابه افضل من رونالدو وهو بالفورمه اعتقد انتهى وقت المقارنات سته للكتلان الجلد في الميت حرام ,both
M669266747673964544,1, ميلان با اسوا حالاته سنه 2013 فاز 2 0 على برشلونه روما بافضل حالاته خسران 6 0 برشلونه_روما,both
M669268762609229824,4, نتيجتين ثقيلتين في اقل من اربع ايام سداسيه بمرمى الذئاب ورباعيه بمرمى الكلاب برشلونه_روما,both
M669268245942243328,3, نهايه المباراه مبروك الفوز هاردلك الخساره لمشجعين روما برشلونه_روما,both
M669271346686349312,3, نيمار ظهر وكان جزا رئيسي في كل اهداف برشلونه اليوم تحركاته وتمريراته شي عظيم سوا حظ لازمه اليوم برشلونه_روما ,both
M669471398092500992,5, هنا تكمن قوه MSN و قوه برشلونه ميسي يواسي نيمار بعد ضياع ركله الجزاا برشلونه_روما برشلونه,both
M669268527627550720,2, يخرب بيتكم والمتعه برشلونه_روما ,both
M669269848095113216,1,16 هدف في 5مباريات ما اعتقد صارت في اي فريق ايطالي سابقا دفاع جبااار شكرا_غارسيا خساره متوقعه بس النتيجه مذله برشلونه_روما ,both
M669264873436524544,1,6 0 ليله ثقيله على روما برشلونه يحسن ضيافه ضيوفه مباراه للتاريخ 6 0 برشلونه_روما,both
M669267415327449088,1,احس اني فسقان الكلاسيكو زعلان ما انتهى 5 و الحين ابي السابع وش اسوي والله فريق يدلعك برشلونه_روما,both
M669272371493253120,1,اذ تكلم الكبار تسكت الصغار الصوره تتحدث برشلونه_روما ,both
M669264679945027584,1,اذلال روما بالابطال اصبح فيلم موسمي كل سنه جزا جديد يختلف العدو والبطل واحد برشلونه_روما,both
M669267180932870144,3,ارحمو عزيز قوم ذل برشلونه_روما ,both
M669264333814308864,1,ارحموا عزيز قوم ذل كفايه ي برشا روما عزيز وغالي برشلونه_روما روما_برشلونه,both
M669268127939739648,1,افاا سجلوا الكلاب و الله ما يصير المهم الف مبروووووووووك لكل برشلوووني برشلونه_روما,both
M669271682666913792,1,اكبر فوز لنادي اسباني على نادي ايطالي بعد اكبر فوز لنادي انجليزي على نادي ايطالي سفير الفشل لايطاليا والله برشلونه_روما,both
M669267856698302464,1,اي والله نيمار فعل كل شي الا التسجيل هذا ما ينقص من قدرك يا نيمار انت لاعب المستقبل لبرشلونه برشلونه_روما نيمار,both
M669271416529899520,1,برغم العقوبات والايقاف برشلونه يتالق ويتحدى الفيفا برشلونه_روما,both
M669267910083350528,1,بعد فوز برشلونه على ريال_مدريد برشلونه في قمه حماسه والمسكين روما دفع الثمن غالي جدا برشلونه_روما,both
M669267940970221568,1,جحفلهم دزيكو مبرووووك لكل عشاق السلطنه برشلونه_روما,both
M669265153657954304,1,خساره ماكملت بس احلى من الهدف برشلونه_روما,both
M669269362671558656,1,سبب خساره روما هذه الليله بسبب الداهيه بينيتيز بالاضافه عدم تواجد المدرعه كاسميرو اساسيا في اللقاا برشلونه_روما,both
M669272771541778432,1,ع قد منا زعلانه علي صلاح ع قد منا فرحانه 6 1 برشلونه_روما,both
M669266943430397952,1,كم انت رائع يا ميسي سقوط روما برشلونه_روما,both
M669270638410883072,1,لما اشوف سواريز مع برشلونه يبدع ويسجل هدف وهدفين كل مباراه اتحسر على الميت اللي عندنا حررررام فرطنا في التعاقد معاه برشلونه_روما,both
M669268207161724928,1,مبروك لعشاق البرشا وهاردلك لعشاق روما خلصت المباراه 6 1 برشلونه برشلونه_روما,both
M669267911144546304,1,مبروك للبارسا هاردلك روما برشلونه_روما ,both
M669269820081221632,1,مبروك للبرسا وهاردلك ل الرومانيستا برشلونه_روما,both
M669268454701211648,1,نيمار سواا كل شي ا التسجيل الحظ وقف ضدو وربي متعه نيمار برشلونه_روما,both
M669266389534949376,1,هاردلك ومبروك برشا اول فوز علينا ادري انها بطوله بنسبه لكم برشلونه_روما,both
M669264248418136064,1,وضيع نيمار وعوضها ادرياااااانوووو تكمله ممتازه والساااادس برشلونه_روما,both
M669268033437900800,1,يا حسرتي على BBC يوم اشوف تفاهم ال MSN و الله شي خرافي برشلونه_روما مدريد,both
M701343387681685504,1, 8 30 انتظار ترقب توتر خوف اعصاب قلق كل تفكيري في هذه الساعه يارب اجعلها هلاليه الهلال_الاهلي ,both
M701166749765525504,3, ارهقها انتظار خساره الاهلي فرحوا بخسارته اكثر من فرحهم في حال فاز فريقهم ماذا فعلت بهم ي اهلي الكبير كبير الهلال_الاهلي الم ,both
M701167372246323200,4, الشيخ عادل الكلباني يرفض الدعوه للهلال ويتمنى خسارته بالاربعه ياحظك يالاهلي الهلال_الاهلي نهائي_كاس_ولي_العهد ,both
M701264193811570688,1, الصداره لايعني الرضى وقد يخسر الزعيم الليله من يشجع البطولات ينقطنا بسكاته الهلال بالنسبه لنا كيان ورحله لا يقف عند ا ,both
M701148842390114304,4, الهلال اذا زعلني بمباراه يراضيني ببطوله الهلال_الاهلى الهلال,both
M701165001743212544,1, الهلال_الاهلي الشيخ الكلباني غالي علينا ونحبه في الله بس زعلنا منه بدعائه بان ينهزم الهلال ,both
M701400893288271872,1, الهلال_الاهلي الكل فرحان لخساره الاهلي مو لفوز الهلال ,both
M701409318449582080,1, الهلال_الاهلي بكل جداره وكل فخر الهلال يحقق اغلى كاس الزعيم يسحق الاهلي في شوط ويلعن ميلاد البطوله رقم57 مبروك ,both
M701192656462995456,1, الهلال_الاهلي بكل صراحه بالمباره ذي استحق الهلال الفوز ولكن لا يستحق للوصول اصلا للنهائي بعد تخطيه التعاون ظلما وكذبا وافت ,both
M701236161038184448,1, الهلال_الاهلي دونيس دائما ما يبدا متخبطا بالتشكيله _ويعالج اخطائه في الشوط الثاني _ الا ذي المباراه _ ابدع بالبدايه وع ,both
M701348939807793152,1, الهلال_الاهلي ليله امتزجت فيها دموع الفرح بفوز زعيمنا بدموع الحزن على فراق شهدائنا اللهم ارحم شهدائنا واخلف على ابنائهم واهله ,both
M701153192025919488,3, الهلال_الاهلي مباراه جمييله يقدمها الهلال بعكس الاهلي,both
M701292482789777408,1, الهلال_الاهلي مبروك جمهور الزعيم الهلال فريق جامد مدربه يخبص في التغيرات الاهلي فريق كامل ينقصه كابتن قائد حماسي من نوعيه ن ,both
M701366520933437440,1, الهلال_الاهلي نواف بن سعد خلال ست اشهر حقق بطولتين لفريقه ولجماهيره ويقول مقصرين معهم واحد ذل فريقه وهو محقق لهم ثلاث ب ,both
M701179190427721728,1, الهلال_الاهلي هات البطوله رقم سبعه وخمسين لا صار منت بقد كاس البطوله خصمك هلال المجد ي اهلي لوين مجده كبير وصعب مثلك ,both
M701314912388300800,2, الهلال_الاهلي هدف ملغي بلنتي مسلوب طردين لم تحسب مع هذا الزعيم ينتصر على الاهلي و التحكيم نكرر ونقول شيلوا العده ويالله ,both
M701151406498127872,41, الهلال_الاهلي يا كثر م ا قالوا عليهم مجانين حتى خذوا في مستواهم مقالب وقدامهم فزنا ب سبعه وخمسين تحيا الزع ,both
M701158360025063424,8, الهلال_الاهلي ياحظ جمهور الهلال هذا والله الفريق اللي يبيض الوجه ويريحهم نفسيا حسبي الله على حظي الزفت اللي خلاني اشجع الن ,both
M701173359254626304,1, الهلال_الاهلي ياكثر ماقالوا عليهم مجانين حتى خذوا في مستواهم مقالب وقدامهم فزناب 57 تحيا الزعامه والطحالب طحالب ,both
M701144821419872256,1, ان شاا الله 2 0 ودي تنتهي المباراه كلها اهداف هلاليه مابي هدف لو واحد للاهلي يقهرني الهلال_الاهلي,both
M701401609763475456,1, تبي تعرف طناخه جماهير الهلال ينتقدون اللاعبين والمدرب وبطولات الموسم للحين كلها للزعيم الهلال_الاهلي الهلال_57_ ,both
M701155907879755776,34, تفوز رغم هالاخطاا التحكيميه معناه فريقك كبير وعندك رجال يقاتلون الهلال_الاهلي الهلال_بطل_كاس_ولي_العهد ,both
M701312269926400000,1, جحفلي 10 اشهر ثلاث بطولات خبيلان 8 سنوات ثلاث بطولات ويقولون انكم معطين جحفلي اكبر من حجمه الهلال_ا ,both
M701231191341588480,1, خسر الاهلي مبروك للهلال بيستاهل كان لعبو افضل الهلال_الاهلي,both
M701160297076277248,1, دوري ولا كاس الاهلي دايم منحاس وهذا الزعيم يا ناس الهلال الهلال_الاهلي,both
M701176755751677952,13, دونيس شلي سويته فاجانا قبل ان يفاجئ خصمه لخبط اوراقهم استغل اخطااهم و في النهايه اكتسحهم دونيس اعجازي الهلال_الاه ,both
M701369126502146048,1, دونيس فاجئ جروس حين لعب بطريقه 4 2 3 1 الهلال حتى الان يقدم افضل مباراه له هذا الموسم والاهلي يقدم اسوا مباراه له من موسمي ,both
M701215013739085824,29, ذات يوما ات يزعلنا بيوم ويرضينا بالبوم الثاني بالاغلى هم كذا الشيوخ مايهدون الى الذهب الهلال_الاهلي ,both
M701143620573917184,1, سقوط هذا الخائن اجمل من منظر البطوله نفسها الهلال_الاهلي ,both
M701156828827283456,3, شوط اول نجمه جماعيه وسرعه الازرق مقابل فرديه وبطا بعض لاعبي الابيض نهائي_كاس_ولي_العهد الهلال_الاهلي ,both
M701327690192781312,1, طيب الحين نحتفل ببطوله الهلال ولا نطقطق ع الاهلي ولا نطقطق ع النصر وش ذا الصباح الي كل شي علينا ,both
M701176847770509312,2, على طاري النهائي حبيت اذكركم ياصغار كلكم خلف الشباب بالمواجهات النهائيه الشباب فخر واعتزاز الهلال_الاهلي ,both
M701402402444816384,1, عندماغير دونيس قناعته ظهر الهلال المرعب لخصومه شاهدنا قوه الضغط ع حامل الكره شاهدنا منع الاهلي من اللعب في ملعبنا فالناالكاس ,both
M701145538398449664,1, قوول وفععل يالطحالب الهلال_الاهلي ,both
M701241288025362432,1, كل ماناديت بسمك يازعيم اتذكر مجد وعروش وملك والطحالب ذيك والله العظيم لو يطولون السماا ماتاصلك الهلال_الاهلي ,both
M701245094700122112,1, كنت فرحان بالبطوله لكن بعد هالمقطع حامت كبدي الهلال_الاهلي ,both
M701373877994266624,1, لا هاذي قويه وجديده ياخي متعه الطقطقه عليهم الهلال_بطل_كاس_ولي_العهد_2016 الهلال_الاهلي الهلال ,both
M701165230576029696,2, لاصوت يعلو فوق صوتك ياهلال قصر على صوت الطحالب والحطه امتاع واشباع وطرب فوق الخيال كذا عواجي واتحاده تضغطه ,both
M701150047187169280,2, لماذا نشجع الهلال لاننا نعشق الفوز دائما ونكره اللطم والمظلوميه والعقد النفسيه الهلال_الاهلي,both
M701184989556252672,1, مرعي نجح في النهائي وبالرغم من بعض الاخطاا الا انها لم تؤثر في نتيجه المباراه وقلت ذلك مسبقا الهلال_الاهلي ,both
M701267379305713664,1, ميولنا_مايفرقنا نحن ارقى من التعصب ومن السخف والاحتقار الهلال_الاهلي ,both
M701144396843114496,3, نريدها احزان جديده لهم يا اهلي اسعد من يحبك واجرح من يعاديك الهلال_الاهلي ,both
M701175548614209536,1, نعشقه ونهواه هذا الاهلي شخلناه الهلال_الاهلي الهلال_بطل_كاس_ولي_العهد ,both
M701152100244398080,10, هدف تيكي تاكا مرسوم رسم رغم انف الخصم ولاعبه الاول الحكم بتوقيع نواف العابد د 30 الهلال_الاهلي ,both
M701167960795308032,1, هزيمه الاهلي في نهايه كاس ولي العهد لا تعتبر هزيمه الهلال_الاهلي ,both
M701337561654915072,1, هل اقنعتم بمقوله اصنع فريق قوي ولن يوقفك حكم اليوم ظلم الهلال ومع ذلك انتصر حينما تكون قويا لن يوقفك احد ال ,both
M701144630528757760,10, واجبنا اسعاد المدرج الاتحادي و احزان المدرج النصراوي الهلال_الاهلي نهائي_كاس_ولي_العهد,both
M701261915398479872,2, والله اني اتحادي لكن الحق ينقال الهلال اعظم نادي سعودي وبعده الاتحاد يخخخرب بيتهم حتى في اسوا مستوياتهم يحققون بطولات اله ,both
M701327231147253760,1, ي زين الهلال جماهيره مستريحين ومتصدرين و امس اخذوا الكاس واليوم ان شااالله يطقطقون ع الفقراويه اذا فاز الخليج والفتح ,both
M701154808179376128,4, يزعمون ان الهلال مع الحكم الاجنبي يخسر وتجاهلو ان اكثر بطولاته بالحكم الاجنبي واخرهاالسوبروكاس الملك الهلال_الاهلي ,both
M701325210738413568,1,محمد شنوان العنزي هلال رائع واهلي ضائع صحيفه_الرياضي كاس_ولي_العهد الهلال_الاهلي الهلال_بطل_كاس_ولي_العهد ,both
M701221889335754752,2,من زود الطناخه نخسر قدام التعاون ويراضينا الهلال ببطوله الهلال_الاهلي,both
M676476896260005888,1, الهلال_هجر الاعبين يقومون بعمل الجمهور بدعم المدرب والميدا اتمنى من جمهور الهلال دعم الفريق وترك احباط الفريق لا تهدمون ,both
M676516966476218368,1, الهلال_هجر اوكي الشمراني مهاجم قناص ما نختلف عليه و حساسيته امام المرمى قد تكون افضل من الميدا لكن احيانا عليه تمريرات او تسديدات تصدم,both
M676498130133757952,3, الهلال_هجر حققنا مع دونيس بطولتين لاشك ان البطولتين يشفعون لدونيس لكن مو معنى نشوفه يخبص ونسكت الهلال امانه في اعناقنا ,both
M676478048741531648,2, الهلال_هجر رغم فوزنا بالخمسه الا ان مستوانا مايطمن ,both
M676491281590259712,1,الهلال شاطر على الانديه الصغيره ولما قابل الملكي جلس يبكي الهلال_هجر,both
M676495691389255680,1,بفضل الله وتوفيقه احببت الكيان الازرق بشكل صعب اني اوصفه وكرهت الاصفرين كره الحمير ولله الحمد الهلال_هجر الاهلي_الرايد النصر_الاتحاد,both
M676507097392132096,1, اكشن_يا_دوري النصر_الاتحاد اسدل الستار وانتهى العرض الاتحاد يصرخ ولايتحمل والنصر يعزف اجمل فنون كره القدم في محله ,both
M676506311421378560,2, اكشن_يا_دوري لم اسمع حكم سعودي يعطي النصر حق ومع ذالك الحق لنا والفن الكروي لنا يامحمد فوده النصر_الاتحاد ,both
M676514273900797952,1, الجمهور النصراوي القليل الحاضر هم العاشقين من عام 2000 للان اماجمهور 2014وجمهور متصدرلاتكلمني ماتحملو وماصملو النصر_الاتح ,both
M676500462514909184,2, الحمدالله على كل حال مبروك لجمهور النصر و هاردلك يا جمهور الاتحاد بصراحه ما قدمنا شي يستاهل الفوز او التعادل النصر_الا ,both
M676495913804804096,3, الراهب اكثر لاعب يعاني من الدكه واكثر لاعب يعانون منه الخصوم اذا تركها النصر النصر_الاتحاد ,both
M676497343429132288,1, الفوز للنصر بتسمعون صياح بعد المباراه ي خوفك من النصر النصر_الاتحاد,both
M676497812385873920,4, الله عليك يا نصر تزعلنا سنه وترضينا بيوم النصر_الاتحاد ,both
M676513769745489920,1, النصر_الاتحاد اجمل ما في النصرما نسب الفرق الثانيه وقت الفرح بعكس جماهير بعض الانديه لازم يسبون ويغلطون وجايين هنا زعلانين خلوكم في فرقكم,both
M676508258010570752,1, النصر_الاتحاد اداره البلوي هم ماقصرو ولا انكر لكن خلاااص نبي اداره اقوى سنتين ماقدرت تعدل شيا لا جهاز فني ولا اداري اتركو العميد يعيش,both
M676502567749353472,1, النصر_الاتحاد اسباب الخساره امام النصر ترجع للمصري الشوط 1 كان طريقه اللعب مناسبه جدا والشوط 2 خبصها وفتح اللعب واعطى النصر مراده,both
M676511208841846784,1, النصر_الاتحاد الاتحاد فريق جيد وفي تطور اما النصر لا يزال بلا هويه مباراه صعب نتوقع نتيجتها والاكيد انها ستكون ممتعه م ,both
M676498430756261888,9, النصر_الاتحاد الاتحاد فريق كبييييير وله حظوره الهلال الى متى عييب والله فيه فرق بين الطقطقه وقله الادب ياخساره ,both
M676497313750196224,1, النصر_الاتحاد الاتحاد لم يتاجوز 20 تمريره داخل ملعبه قوه وسيطره نصراويه لنص الملاعب يفتقدون للتهديف بس ,both
M676497199279263744,1, النصر_الاتحاد الاتحاد_النصر الاتحاد لم يقدم مستوى وياسين حمزه واجه السهلاوي صحيح لاعب ممتاز بس السهلاوي اتعبه,both
M676500299255848960,3, النصر_الاتحاد الاهلي_الرايد اجعلوامن الكره مدرسه في الفن والاخلاق لامعركه وتهجم على النادي المنافس فقيمه الكره ليست فيها وان ,both
M676502166228611072,1, النصر_الاتحاد العميد يهزم الزعيق والعالمي يهزم العميد عرفتوا مين كبير الرياض انه الاصفر العالمي يشع نوره ارجاا المملكه,both
M676513592137621504,1, النصر_الاتحاد الفففف مبروككك حقك مايضيع ي الوضيع ,both
M676513044059549696,1, النصر_الاتحاد النصر يكسح الاتحاد والهلال يجلد بالخمسه والفيصلي يجلد الشباب كل عاده والاهلي يجلد بالثلاثه وعلى عمر السومه ان يشكر النصرشكر,both
M676497892035678208,1, النصر_الاتحاد الهلال حبيت اذكركم ان الفريق اللي فزنا عليه بالثلاثه اليوم جالدكم بذات النتيجه في شوط واحد فقط ,both
M676502570513342464,2, النصر_الاتحاد تفتح اللعب امام فريق امكانياته افضل منك في اللاعبين ووسط قوي لا تسطيع مجاراته وبخروج مونتاري زاد الطين بله,both
M676509124885151744,1, النصر_الاتحاد تم شخل فريق الاتحاد بنجاح الف مبروك للعالمي ,both
M676502725740388352,1, النصر_الاتحاد جمهور الاتحاد يحب الكره ولكن الكره لاتحبه ,both
M676515870550659072,1, النصر_الاتحاد جمهور الهلال مره تطقطقون على النصر في الثامن ومره في السابع ومره في السادس ومره في الخامس سبق وقلتها النصر بطل الدوري,both
M676511081423093760,3, النصر_الاتحاد جميل ان تنقد بعد الهزيمه والاجمل بعد الفوز 1 اعمار حسين وعبدالغني لن تساعد على تطور النصر 2 برود السهلاوي 3 ,both
M676504461381115904,1, النصر_الاتحاد جويل سانتنا فلسفتي التدريبيه ان اخسر وانا العب بشكل رائع افضل من ان اربح وانا العب بشكل بائس متعه كره القدم اللعب الجميل ,both
M676507650159484928,1, النصر_الاتحاد حتي والنصر يحقق الفوز والمستوي ياتي بعض النفسيه ويخرب الفرح,both
M676498269283950592,1, النصر_الاتحاد حظ اوفر للاتحاد ومبروك للنصر الاتحاد لم يكن في يومه وانخدع بفوزه على هجر النصر كان بالموعد وساعدهم المدرب باخراج مونتاري,both
M676518299660873728,1, النصر_الاتحاد خسرالاتحاد وهذامهم وفازالنصر وهذا الاهم,both
M676498518618578944,1, النصر_الاتحاد دائما العالمي يتخصص في جلد الكبار ويراف في الصغار كم انت عشق يانصر الهلال_هجر اجمل_تغريده_في_2015 ,both
M676506546822619136,1, النصر_الاتحاد رغم االفوز والمستوى المميز الا ان الدفاع باقي يحتاج ترميم لوكان هجوم الاتحادفعال لعانينا احراج باقي يالعالمي الدفاع باقي هش,both
M676506165925294080,1, النصر_الاتحاد رغم الفوز الا النصر ينقصه اظهره وقلب دفاع وجناح سريع ايمن,both
M676496625565605888,1, النصر_الاتحاد رغم الفوز لكن كانافارو بغى يعيد فينا من طلع جمعان وانكشف الدفاع لكن ربك ستر وجاا الهدف,both
M676513387065581568,1, النصر_الاتحاد شوط اول كان المستوى جيد وروح عاليه في الاعبين والفرص الضايعه تسبب قلق والشوط ثاني ان شاا الله تحضر الاهداف ,both
M676496519651045376,26, النصر_الاتحاد شوط ثان شهد بعض مالدى النصر شكلا وموضوعا الاتحاد لم يدافع ولم يهاجم وكانه بلاوسط ,both
M676497789577265152,10, النصر_الاتحاد شوط نصراوي شكلا لا موضوعا الاتحاد لاشكل ولاموضوع ,both
M676505246202527744,4, النصر_الاتحاد طحت واقف س نصر وترجع واقف ياعالمي ,both
M676502554096877568,1, النصر_الاتحاد طحت واقف ورجعت واقف يانصر ,both
M676503986862731264,2, النصر_الاتحاد طحت واقف يانصر وتعود واقف يانصر بحول الله وقوته ,both
M676498111615918080,1, النصر_الاتحاد عزيزي الزعيقي الدلالي فزنا والحكم اجنبي ,both
M676518545749053440,1, النصر_الاتحاد عوده ابراهيم غالب اساسي فيها صعوبه في ظل تالق الجبرين,both
M676511574266404864,19, النصر_الاتحاد عوده النصر اعادت للدوري طعمه وجماله بعد ان شوهه الهلال بحكامه,both
M676498757974913024,3, النصر_الاتحاد غاب وجه النكبه عن دكه الاحتياط ففاز النصر عرفتوه ,both
M676517406366416896,1, النصر_الاتحاد فاز النصر وخاف الهلال من عوده النصر,both
M676507982625140736,1, النصر_الاتحاد فرحه نصراويه هستيريه وفهدعافت قالبها قصايد ياشيخ طيرالاتحاد منهار لا اجانب ولاعنده مدرب والخليج ماقدرت تعديه وتقو ,both
M676498277924237312,1, النصر_الاتحاد فزتو علينا هيا نبغى نشوف هالفوز ف الديربي شكلهم بيجلدون خيركم,both
M676501222900301824,1, النصر_الاتحاد فزنا اليوم وفرحانين الي قاعدين يسبسبون خلاص كيفنا مال امكم دخل انتم كيفنا نبي نفرح شدخلكم بالغصيبه تتدخلون بعني ككييفننا,both
M676515913819152384,1, النصر_الاتحاد قام العملاق الاصفر سكت الفئران الزرقاالكى لاتداس ,both
M676497722766180352,1, النصر_الاتحاد قد نتضايق من الخساره اليوم لكن لاننسى بااننا مازلنا نبني فريق لخمس مواسم يعتلي القمم بلا منافس خلفك ياعميد,both
M676504564263215104,6, النصر_الاتحاد كبير ياعالمي رغم المركز الخامس الا ان رجعتك سببت صياح مزعج ومغص ,both
M676497792676847616,1, النصر_الاتحاد كلا الفريقين يحتاجان الى عمل كبير للعوده خاصه الاتحاد اما النصر ففوزه الليله دفعه معنويه لاعاده شيا من توازنه بالدوري,both
M676506113760718848,3, النصر_الاتحاد كنت اقول من زمااان جمعان الدوسري مظلووووم والله لاعب روحه عاليه ولاعب يطبق مااراده المدرب كفو ياجمعا ,both
M676511187119513600,3, النصر_الاتحاد كوره_روتانا من جماليات لقاا الليله غياب الحكم المحلي الفاشل غياب نتمناه دوم ليغيب معه الظل ,both
M676500195819970560,1, النصر_الاتحاد لا ننكر بان منصور البلوي جلب لنا البطولات سابقا واوصلنا للاسيويه مرتين ولكن الان يعاني من تخبطات كثير ه سان مارتن مونتاري ,both
M676495823891484672,49, النصر_الاتحاد لكم ان تتخيلوا ان المميز ساندرو محور التعاون قيمته 700 الف دولار والمكرش مونتاري قيمته 7 مليون ي ,both
M676512057152430080,1, النصر_الاتحاد لولا لاعبنا الفريدي كان مدقوقين من الاتحاد بخمسه بس الله يخلي لاعبنا الي انقذكم ,both
M676504943453409280,2, النصر_الاتحاد ما شفت اتحادي في الهشتاق متضايق للخساره كلهم هلاليه حزينين بسبب فوز النصر نسوا انهم فايزين بخماسيه على هجر ,both
M676513728247046144,1, النصر_الاتحاد مبسوطين على الفوز على الاتحاد الي داقكم طوال السنين ومايتعامل معكم الا بالستات ,both
M676516504595222528,1, النصر_الاتحاد محمد حسين الموسم هذا مالعب بنصف مستواه الموسمين اللي قبل ولكن نخاف ينهون عقده وما يجي افضل منه لذلك ياليت يستمر,both
M676517372577128448,1, النصر_الاتحاد محمد حسين مازال يخطي محمد عيد افضل بمراحل,both
M676509250127069184,1, النصر_الاتحاد مع فرحه الفوز ما زلت اطالب بمهاجم اجنبي هداف بدل اوميقا البارد جدا ارجوك يا كحيلان ,both
M676497913300713472,1, النصر_الاتحاد معاد افهم لاعبين الاتحاد مباراه اشوف الحماس والمستوى المميز ومباراه سيئين ومتخاذلين مدري شقول بس الله يغير ,both
M676496026719674368,2, النصر_الاتحاد من اسباب فوزنا اليوم ان يونس مختار ماشفنااااه لابارك الله فيه ولا في لعبه ,both
M676517980042338304,1, النصر_الاتحاد مهما خسرنا يبقى الاتحاد في قلوبنا ,both
M676499217519673344,9, النصر_الاتحاد ميسي عبر انستقرام صديقي فهد هذي كره القدم انا حزين جدا و القادم افضل ,both
M676496887139180544,18, النصر_الاتحاد ناديي التعاون والخليج ميزانيتهم اقل من قيمه اجانب الاتحاد و مستواهم افضل من الاتحاد بمراحل الش ,both
M676500606685704192,5, النصر_الاتحاد ناسي الخساره من قبل المباراه اصلا وميت فرح كل ماتذكر ان بيتوركا مدربنا تحيه لجميع معارضين بيتي ,both
M676509055804928000,1, النصر_الاتحاد نبارك لكم الاداا وعوده الروح قبل نبارك لكم الفوز والثلاث نقاط فرحتي بعوده هويه النصر بقدر حزني على خساره الاتحاد ,both
M676496582393667584,1, النصر_الاتحاد نجوم المباراه 1 جمعان اول مباراه يلعبها اساسي 2 الراهب 3 الجبرين جمعان اليوم ماقصر والله هالاعب مظلوم مررره,both
M676508636294811648,1, النصر_الاتحاد هارد لكم لاعبين وجماهير رغم الخساره الاتحاد يبقى فريق بطل توه شاخل الزعيق ب 4 قبل اسبوع ,both
M676513599238627328,3, النصر_الاتحاد هاردلك ياعميد هاردلك يانمر اسياا هاردلك يامن ابكا جميع من سخروا من خسارتك هاردلك ياوطني معك ع الحلوه والمره مع ,both
M676499035822399488,1, النصر_الاتحاد هذا البطل بقى صامدا يصارع ثغرات هبوط مستوى زملااه وعندما عادوا كان هو من قص شريط عوده العالمي ,both
M676497509179662336,8, النصر_الاتحاد هذا المستوى بعوده الفريدي فقط باقي غالب وادريان وعوض خميس ياويلكم يا اشباه الفرق ,both
M676516217423810560,1, النصر_الاتحاد هذا النصر واحنا معه للنهايات ما دام عمري باقي له بقيه ان فاز تسمع للسنافر صياحات تصبح قلوب اهل الطواقي شقيه ,both
M676500505477128192,4, النصر_الاتحاد والله لو تهزم و تهزم و تهزم ببقى احبك لين يعلن فراقي ياعميد انا في حبك انسان ملزم على العهد باقي ولا ,both
M676497778990784512,1, النصر_الاتحاد ولا تزعل يا هلال كبير الرياض انتقم لك من العميد,both
M676518361480720384,3, النصر_الاتحاد ي حاقد ع النصر لا لاتجادل ي وارث كرهه بقلبك وراثه فرحت يوم انها كانت تعادل وبكيت يوم النصر سجل ثلاثه ,both
M676508298393362432,1, النصر_الاتحاد ياخدم ادري مالكم خلق بس حبيت اقولكم عمكم فاز ثلاثه ومتصدر كمان ,both
M676502411666694144,1, النصر_الاتحاد ياهلاليين ياوصخين النصر تاج ع روؤسكم,both
M676517329644167168,2, النصر_الاتحاد يزعلني النصر ويراضيني النصر ,both
M676498270840086528,1, الهلال خسر من الاتحاد ب الاربعه النصر فاز على الاتحادب الثلاثه الان عرفنا مين كبير الرياض وفخرها الاهلي_الرائد النصر_ا ,both
M676500032913285120,3, الهلال_هجر النصر_الاتحاد الاهلي_الرائد كمحايدومحب للمتعهوالتنافس فرحت لفوز الهلال النصر الاهلي مبروك وزعلت لهزيمه ,both
M676499757142024192,1, الهلال_هجر النصر_الاتحاد يقولون جحفلي جحفل اليوم الف الف مبروك للامه الهلاليه ,both
M676495947875119104,15, انتهت تغطيتنا النصر_الاتحاد مبروك جمهور الشمس انتظرونا في حلقه جديده من طقطقه مع الفريدي التفاصيل سناب bkh_9 ,both
M676511850956251136,1, اول شوط جميل للنصر في هالموسم المؤسف فقط جمعان وش مركزه بالضبط تمركز عشؤائي ولا ادري كنافاروا ليه ملعبه النصر ا ,both
M676500838274220032,6, باختصار الهلال بافضل مستوياته خسر 4 من الاتحاد الاهلي بافضل مستوياته فاز 3 على الاتحاد النصر باقل مستوايته فاز 3 على الاتحاد ,both
M676496096013717504,15, بدايه الدوري امام الفرق الصغيره خسر وخسر وخسر الا ان النادي الكبير لا يعود الا امام الكبار كبير يا نصر النصر ,both
M676496496922132480,44, جمجوم وشلته ضيعو الاتحاد وغرقوه بالديون الاتحاد بسبب جمجوم يبيله 10 سنين عشان يرجع مبروك للنصر وهاردلك للعميد النص ,both
M676511970024144896,5, حرام يزعل وفهد ومختار يفرحون النصر_الاتحاد ,both
M676516295974735872,4, حساب عبداللطيف جميل كاتب كبار الرياض فعلا كبار الرياض اخذو ثار صغير الرياض سمعوني صياحكم النصر_الاتحاد ,both
M676500366083661824,1, حظ اوفر للاتحاد ومبروك للنصر مستوى سيئ جدا من كل الفريق مافي تناسق في مساحات كبيره من المحاور والاطراف النصر لعب ع المس ,both
M676505390360739840,1, خدعونا فقالوا دورينا_الافضل في الخليج الدوري_السعودي الافضل تنافسيا فنيا جماهيريا تحكيميا ولا عزاا لجمهور الدوري ال ,both
M676498771786792960,4, خسر الاتحاد لانه لم يحترم النصر لذلك لم يشاهد في ارضيه الملعب الف مبروك للعالمي وهاردلك للعميد النصر_الاتحاد,both
M676512920130424832,3, رغم الفوز راعي الحواشي يجلد السهلاوي والشهري الحصاد_الرياضي النصر_الاتحاد ,both
M676503266977558528,2, روح اللاعبين هي سر نجاح الفريق مع اي سباك النصر النصر_الاتحاد ,both
M676505816615243776,3, شقهم شق الجبرين روح النصر الجبرين نجم نجم نجم مبروك لنا المستوى قبل النتيجه مبروك عوده الفريدي النصر_الاتحاد,both
M676499469798653952,5, شوط متوسط فرض النصر ايقاعه من خلال كثافه الوسط وغياب مارتن ومونتاري افقد الاتحاد هويته النصر_الاتحاد,both
M676504661935935488,1, في اسبوع من انديه جده و الرياض يفوز كبير جده على صغير الرياض الاهلي_الهلال و يفوز كبير الرياض على صغير جده النص ,both
M676496618342977536,9, قسم للفريدي الا يكون حضوره عاديا اما غياب محزن او حضور مفرح النصر_الاتحاد ,both
M676510894889766912,9, كان الدوري ميت لا حس ولاخبر رغم تصدر الزعيم والملكي عوده النصر اشغل الجميع هكذا كبرياا العالمي النصر_الاتحاد ,both
M676498517205131264,23, كبير الرياض العالمي ينتقم لصغيرها من النمور الموندياليه النصر_الاتحاد,both
M676497125149155328,11, كبير الرياض النصر يثار لصغارها الشباب والهلال ويكتسح الاتحاد بثلاثيه نظيفه النصر_الاتحاد,both
M676500753951932416,8, كبير الرياض سياخذ بثار صغير الرياض من الاتحاد النصر_الاتحاد,both
M676498569415757824,2, كبير الرياض ياخذ حق صغيره النصر_الاتحاد ,both
M676497436345540608,7, كبير الرياض ينتقم لصغير الرياض النصر_الاتحاد,both
M676497312848420864,3, كلاسيكو العالمي VS المونديالي متعه خلت من العك المحلي والتحكيم السيا النصر_الاتحاد,both
M676497492976996352,1, مباراه بين النصر_الاتحاد فاز النصر الطواقي ليش يصيحون ,both
M676497006580408320,5, مبروك للنصر محاولات الهلاليين اشعال الفتنه بين العالمي والمونديالي لن تفلح معطينكم 4 وتهايطون ياهلاليين النصر_الاتحاد,both
M676497698875424768,3, مبروك للنصر ومنصور البلوي واداره العار هاردلك لجمهور الاتحاد النصر_الاتحاد,both
M676497591526400000,56, مبروووك ي العالميين هاردلك يالعميد انخدعت بالرباعيه ف صغير الرياض ونسيت انك تقابل كبيرها النصر_الاتحاد,both
M676504842500710400,2, متع ناظريك بوضعيه فريق ابو_صياح بعد صحوه النصر النصر_الاتحاد ,both
M676495819785306112,27, محمد عبدالجواد هدف الجبرين تعيد فيه للفجر ماتمل منه والراهب مزعج للمدافعين مزعج جدا النصر_الاتحاد,both
M676496796210843648,3, من الظلم ان يخسر النصر اليوم حتى بالتعادل على لاعبين النصر مضاعفه جهدهم لتحقيق نتيجه ايجابيه النصر_الاتحاد,both
M676496647459840000,1, من الظلم ان يكون حسن الراهب على دكه البدلاا اعتقد بل اجزم انه افضل من بعض محترفي الانديه النصر النصر_الاتحاد ,both
M676497580197588992,9, ميسي عبر تويتر صديقي فهد هذي كره القدم انا حزين جدا والقادم افضل يا عزيزي النصر_الاتحاد,both
M676501364764237824,1, نتاسف من جماهير الاتحاد الكبيره والقادم افضل ملينا من هذي الاسطوانه والله كل مباراه نحضر حتى لو خسرانين والنتيجه النصر_الاتحاد,both
M676496361613864960,83, نجح كانافارو في تغييراته اما عادل فجا يكحلها عماها النصر_الاتحاد,both
M676501475649040384,1, هاردلك اتي مبروك ياجمهور الشمس احرقتهم اليوم النصر_الاتحاد,both
M676499509548097536,3, هذا حالك ياعميد كل يوم جرح جديد النصر_الاتحاد ومع عوده بيتوركا عله يعيد ما قد فقد هاردلك للاتي بالتوفيق ف القادم ,both
M676496874308804608,3, هياط هياط واخرتها كالعاده قدام النصر انبطاااااح مبروك للنصر النصر_الاتحاد ,both
M676499444418899968,1, ينكشف زيف الشعارات اذا حمي الوطيس ترجع الاذناب اذناب وتبقى الروس روس مبروك النصر_الاتحاد,both
M676517329027624960,1,اليوم تكلمت على النصر ونا احترمه كثير بس ليش يصير برشلونه قدام الاتحاد ومع غيره يصير زي الروضه مافي عذر للهزيمه النصر_الاتحاد,both
M676502224609157120,1,ان تكون نصراوي فانت بطل مغوار لان التحكيم ضدك واتحاد كره القدم باغلب مسؤوليه ضدك وكل من يضرك او يؤذيك خارجيا وداخليا يدعمونه النصر_الاتحاد,both
M676504210331074560,1,بغض النظر لكرهي لنصر الى انه بدع اليوم النصر_الاتحاد,both
M676517454256959488,1,خطا النصر الذي لايغتفر انه سلم الصداره من بدري وهو يعلم انه الاقوى والافضل بين الانديه لعل العوده المتاخره تكون تاريخيه النصر_الاتحاد,both
M676506850582519808,1,رجع الفيلسوف ورجعت روعه النصر لكن بعد فوات الاوان اتمنى ان تتواصل الانتصارات في ظل تشاؤمي من المدرب النصر_الاتحاد ,both
M676501691064299520,1,عوده النصر اليوم صنعت مفارقه عجيبه افرحت انصاره واخافت واحزنت جاره النصر_الاتحاد,both
M676499046127808512,1,فرق بين اللي فايز 3 و متصدر واللي لقم 3 ومندعس تبقى كبير جده يا الاهلي الاهلي_الرائد النصر_الاتحاد,both
M676517583571566592,1,كلمه لجماهير العالمي صحيح فزنا على المنديالي ولكن جمهور العميد راقي باخلاقه خلوكم بالطواقي والطحالب جنبا بجنب النصر_الاتحاد,both
M676503198803345408,2,مهما كان الجلد كبيرا على شقيقنا الاتحاد نبقى حبايب النصر_الاتحاد,both
M676498561085874176,1,يستاهل النصر الفوز لانه بحث على الانتصار و الاتحاد اليوم كان سيا للغايه وحتى لو فاز على هذا المستوى السيا ما كان يستاهل النصر_الاتحاد,both
M670867906146758656,1, الميدا يزعلنا وادواردو يراضينا الهلال_الشباب,both
M670730278403489792,1, الهلال_الشباب بعد نهايه هذه الجوله بدات الفوارق تظهر الاهلي والهلال لهم فرق الرياده التحكيم للاهلي يقهر ولل ,both
M671077580179677184,1, الهلال_الشباب سيطره هلاليه نتج عنها تسجيل هدف واضاعه الكثير من الاهداف منها ضربه جزاا,both
M671001780218675200,1, خسر الشباب وفاز العويس الهلال_الشباب,both
M670709910724853760,1,بعد مباره الهلال_الشباب اكتشفت ان العويس حارس جيد والا قبل قسمن عظمن على بالي ماينفع حتى حارس امن في بنك الصداره_لك_عرش_واجلس_ياملك ,both
empty,1,الحظ والتحيكم كان ضد الهلال طول المباراه لكن الله كريم تعادل نعمه <U+270B> ,both
empty,1,الحقيقه هاردلك للفتح قدم مباراه كبييييره مع فريق كبييييير ومحترم مثل الهلال وفي نظري الحكم المرداسي اليوم ظلم الفتح الهلال_الفتح,both
empty,1,الحكم اليوم ضعيف وفي اخطاا كثيره لكن الهلال يقاتل ويلعب بحماس ظلم الحكم والرايه لكن الهلال تغلب على الكل الحمد لله التعادل الهلال,both
empty,1,الحمد لله الهلال تعادل مع الفتح وهزم المرداسي ومساعديه ناصر ابدع ومن الظلم استمرار جلوسه على الدكه الهلال_الفتح,both
empty,1,الحمد لله على كل حال تعادل بطعم الخساره كالعاده الهلال يحب يصعبها على نفسه الزوري الشمراني الشهراني نجوم المباراه شكرا من القلب ,both
empty,1,الحمد لله على كل حال مستوى الهلال كان كويس لكن ضياع الفرص قتلنا باذن الله نحتفل بالدوري ,both
empty,1,الحمدالله على كل حال نقطه على سوا الهلال وسوا التحكيم مقبوله مجهودات لاعبين الهلال انقذت تخبط وبربست دونيس تذكره الميدا على حسابي بربسه,both
empty,1,الحمدلله تعادل بطعم الخساره دايم الهلال لما يبدع ياكلها ياتعادل ياخساره الهلال_الفتح,both
empty,1,الحمدلله تعادل مشرف نتيجه مرضيهه الحمدلله الفرج باسوا حالاته مره الهلال,both
empty,1,الحمدلله رغم الظلم التحكيمي الهلال لم يخسر وان شاا القادم افضل كسبنا عوده الزلزال,both
empty,1,الحمدلله ع كل حال تشكيله غير مناسبه حكم رايه نايم ب العسل ومع ذالك تعادل مر الله يعين والقادم اجمل الهلال الهلال_الفتح,both
empty,1,الحمدلله على كل حال التعادل احسن من الهزيمه لعب الهلال هو اللي اعطى الفتح التعادل لازم تتحسن الاخطاا المستوى كل مباراه اسوا من الللي قبلها,both
empty,1,الحمدلله على كل حال المفرح بالمباراه مستوى الشمراني الظلم اللي يتعرض له الهلال ماراح يفيد الاهلي البطل سيعود لمكانه الطبيعي باذن الله,both
empty,1,الحمدلله على كل حال كنا نستحق الثلاث نقاط لكن التحكيم نحر الهلال ناصر نجم الهلال الاول شكرا يازلزال قدمت مباراه كبيره الهلال_الفتح,both
empty,1,الحمدلله على كل حال مستوى الهلال كان ممتاز بالشوط الثاني ماقصروا اللاعبين باستثناا القذر رقم 7,both
empty,1,الحمدلله على كل حال مستوى الهلال من بعد التوقف من سي الى اسوا نقطه احسن من لا شي شكرا ناصر والزوري ونواف ما قصرتوا ,both
empty,1,الزوري نجم المباراه الاول العابد والشمراني غيروا شكل الفريق في الشوط الثاني اجانب الهلال مع الفرج خذلوا الفريق في هذه المباراه,both
empty,1,الزوري وناصر الافضل الشلهوب وجحفلي ونواف ما قصروا البقيه ما بين تكمله عدد وما بين كارثه الهلال الهلال_الفتح,both
empty,1,الزوري وناصر والعابد وجحفلي الافضل شراحيلي وسلمان الاسوا هاردلك ي الهلال دونيس ,both
empty,1,الشمراني افضل من الميدا بس مشكلته مزاجي الهلال,both
empty,1,الفرج عليه مراجعه نفسه مستواه جدا سئ الزوري وناصر والعابد مجهود يشكرون عليه دونيس عليك مراجعه اوراقك تعادل بمجهود لاعبي الهلال,both
empty,1,الفرج لا تعليق فلسفه واستهبال شراحيلي لا تعليق 4 تسديدات على المرمى بثلاث اهداف شوط ثاني خرافي ليش مابيدنا كذا هذا القهر الهلال,both
empty,1,الفوز المتتالي خلانا ننسى العهر التحكيمي اللي نعيشه كل مباراه الهلال,both
empty,1,اللمسه الاخيره في الهلال غير جيده سلمان الفرج ملاحظات متكرره تعادل افضل من خساره في هذه المباراه الهلال_الفتح,both
empty,1,المدرب يحب يحرج نفسه قسم بالله الهلال كويس بس حاس التشكيله الكلب الهلال_الفتح,both
empty,1,المرداسي كان افضل حكم سعودي بس سبحان الله مجرد ماتصدر الهلال صار اغبى واسوى حكم المهم اتمنى لايكون اتحاد احمد عيد له تدخل ,both
empty,1,المرداسي يستغل سوا الهلال ولكن هاردلك اجمل مافي الزعيم اليوم الهكر الهلال_الفتح ,both
empty,1,الهلال افضل فنيا في لعب 4 5 1 لما غير طريقته الكريهه الشوط الثاني قناعه دونيس تفقدنا جميع البطولات ,both
empty,1,الهلال اليوم ما احترم الفتح و كان بنخسر نقاط بس الحمدلله طلعنا بنتيجه زينه نقطه من نادي غثيث احسن من لا شيا الهلال_الفتح,both
empty,1,الهلال انظلم كثير بهالمباراه لكن الشي الايجابي روح اللاعبين والعوده بالنتيجه <U+2764><U+FE0F>,both
empty,1,الهلال تعثر عقبال الطحالب و بتكون احلى جوله اتحاديه,both
empty,1,الهلال صحيح انه خسر بالتعادل من اخطاا فرديه الحكم الفرج الحظ ولكن حرقه الجمهور و اللاعبين على حب ناديهم كانت جميله انه كبرياا الزعيم,both
empty,1,الهلال صعبها على نفسه فلسفه الفرج المفروض ما يبدا به الشوط الثاني ابدا اي مشجع يقول الفرج مو بيومه خلص اخرجه ناصر بطل اليوم,both
empty,1,الهلال فريق بطل و عنده لاعبين على اعلى مستوى المشكله في دونيس هو و تشكيلته و وضع بعض الاعبين في غير مراكزهم يتبع ,both
empty,1,الهلال كان ناجح في السيطره على الملعب والوصول الى المرمى طوال المباراه فلسفه بعض اللاعبين هي من ضيعت الفوز فكيف يلام دونيس الهلال_الفتح,both
empty,1,الهلال كبير لكنا لم نرى كبيرنا الليله تخبيصات دونيس الى اين بالهلال لايرضينا سوى الفوز فقط ,both
empty,1,الهلال ما قصر اليوم بس غلطه لاعب كلفتنا هدفين واخطاا تحكيميه حرمتنا بلنتي وحسب علينا هدفين غير صحيحه الهلال_الفتح,both
empty,1,الهلال ماشي صح لكن المدرب دونيس هو اللي ضيعنا,both
empty,1,الهلال نجى من طقطقه الجماهير الرياضيه الفتح كان الاجدر,both
empty,1,الهلال والفتح مباراه قمه صراحه شوها المرداسي حكم سيا جدا,both
empty,1,الهلال ياعيشتن قشرا الله يكتب لهم الدوري ,both
empty,1,الهلال يتوج بطلا لكاس ولي العهد على حساب الاهلي ,both
empty,1,الهلال يخبص والزوري ينقذذذذذ ,both
empty,1,الهلال يزعلنا ويراضينا ,both
empty,1,الهلال يملك شخصيه قويه فريق للنفس الاخير يلعب بنفس الرتم لاكن المشكله في كميه اللحوج الي كثرو عنده وهذا الي ضيعهم,both
empty,1,اليوم في الهلال الافضل الزوري جحفلي ناصر الاسوا الفرج الشهراني الميدا,both
empty,1,انا اعيد واكرر الهلال قدم مباراه ولا اروع لاكن ببساطه التون الفتح افسد كل شي,both
empty,1,باك اجل الهلال تعادل الحمدلله اني ماشفت المباراه مو ناقص رفعت ضغط بعد مستويات مانشستر الحلوه هاردلك الدوري لازال طويل عباره النكبه ,both
empty,1,بصراحه المستوى ممتاز ولكن الحارس كان عامل مساعد الكور الثابته كان سلبيه ع الهلال نتمنى اليوم تعثر الاهلي هذا ما كنا لا نتمناه,both
empty,1,بطل حارس الفتح لو هو في الهلال بدل الخمام الهلال_الفتح,both
empty,1,بقذاره التحكيم كل المجهود اصبح تعب فقط الهلال باذن الله نفرح بالدوري من الطريق الصعب,both
empty,1,تبا فاز الهلال كنت اتمنى يخسرون بس يستحقون الفوز مبروك للهلالين مو من قلبي اباركلكم ,both
empty,1,تعادل لم يتوقع ان يقاتل الهلال من اجله الزوري رائع و سلمان للاسف سيا و ناصر قدم مستوى مذهل الهلال_الفتح,both
empty,1,جميع لاعبين الهلال فاشلين مقارنه باللي سواه الشلهوب ناصر قدم شوط خرافي يستاهل يكون اساسي مكان التون الميدا اللي ماسوى شئ ابدا ,both
empty,1,خالد شراحيلي اليوم خذل الهلال لكن الحمد لله نقطه افضل من لا شيا سباق الدوري لازال طويل ,both
empty,1,خبيلان لجمهوره تنطون تهايطون وجه السعد جمهور الهلال يجبرك على الاستمراار فرق الثقافات فرقه البطولات ,both
empty,1,خطاين من سلمان و فاول غبي ارتكبه كواك كلفت الهلال 3 نقاط اجمل ما في المباراه كميه الفرص و روح الفريق و القتاليه,both
empty,1,دفاع الهلال كارثه كارثه كارثهمن مباراه الوحده وهو كارثه مانبي نلعب كذا قدام الاهلي وحارس الفتح بطل المباراه ,both
empty,1,دفاع الهلال هش دائما لكن نجاح الهلال في رفع نسبه الاستحواذ يغطي هذا العيب اليوم انكشفت هشاشه دونيس التي تحتاج ترميم وعمل الهلال_الفتح,both
empty,1,دونيس جلطنا الشوط الثاني بتبديلاته لكن ثالث نهائي على التوالي ويحرز كاس وراا كاس والترتيب الاول بالدوري الله عليك يا دونيس الهلال,both
empty,1,رغم اخطاا التحكيم الا ان الفتح استحق مناصفه الهلال نقاط المباراه وكان اقرب للفوز في اوقات كثيره <U+2661> الهلال,both
empty,1,رغم التحكيم السيئ الفاشل الهلال مازال متصدر الهلال_الفتح,both
empty,1,رغم الظلم التحكيمي الهلال يرفض الهزيمه,both
empty,1,رغم الظلم التحكيمي الواضح الفاضح الا ان هلالنا ما يموت ليس طموحي التعادل مثل بعضنا القادم اجمل ان شاا الله الهلال فهد_المرداسي,both
empty,1,رغم الظلم التحكيمي تنتهي تعادل الهلال سوا كل اللي عليه وزياده بس الحكم يقهر مباراه حماسيه والتعادل دائما لايعني الخساره بالتوفيق للزعماا ,both
empty,1,رغم الظلم الحاصل والقهر الهلال يرفض الخساره رغم انف المرداسي ومساعده الهلال_الفتح,both
empty,1,رغم الفضائح التحكيم الهلال ينتصرر الهلال لا يبحث عن الاعذار الهلال متى ما كان بالملعب يمشي و يدعس الهلال,both
empty,1,رغم تفوق ناصر جاب هدف وصنع هدف الا ان المتغطرس دونيس سيواصل على منقار الخشب الميدا الهلال,both
empty,1,شراحيلي كان سيا الفرج والمرداسي ودونيس افقدوا الهلال الصداره العابد وناصر والزوري انقذوا الهلال البقيه كافحوا رغم الظروف الهلال_الفتح,both
empty,1,شكرا الزوري انت مظلوم هنا في الهلال تتعرض للنقد لكن مدربهم لا يمس و متاملين بالدوري و ينظرون اسيا كاس الملك و ولي العهد صعب ,both
empty,1,شكرا للاعبي الهلال على مجهودهم في الشوط الثاني فقط اما الشوط الاول فاعذروني المستوى سيىا الهلال_الفتح,both
empty,1,شكرا للجمهور و روح الهلال المتاخره يكفي مجامله سلمان يا كوتش المدرج يحترررق ,both
empty,1,شكرا للشلهوب شكرا للزوري شكرا للزلزال شكرا للعابد شراحيلي والشهراني كنتم الاسوا بعد الميدا والمستهتر الفرج الهلال,both
empty,1,شكرا لنجوم الهلال الذين تغلب على اخطاا دونيس اولا واخطاا التحكيم ثانيا لو يلعب الهلال بدون مدرب اتوقع افضل له من تخبطات دونيس,both
empty,1,شكرا ناصر شكرا زوري شكرا ياسر شكرا نواف شكرا شلهوب والله لا يبارك فيك يالفرج الهلال_الفتح الهلال,both
empty,1,شيا احسن من لا شيا نقطه احسن من ولا شيا لكن الفرج لاعاد يطقها الهلال,both
empty,1,شيا من الزلزال وكثير من الهكر وبراعه من جحفلي لبقاا ماا الوجه في المقابل خذلان من الفرج وتحكيم سااذج الهلال,both
empty,1,صحيح هالامور تسببت بشكل كبير ف عدم فوزنا بس الفتح كمان كان ممتاز فالضغط وعاد العويشير شي ثاني ,both
empty,1,ضربه جزاا في اول دقيقه لم تحتسب للهلال وهدف تسلل للفتح ومدرب الهلال متغطرس ومع ذلك يتعادل الهلال كم انت رائع يازعيم بجهود اللعيبه,both
empty,1,ضعيفه الكوره لكن حلوه الهلال_الفتح الهلال,both
empty,1,عوده قويه لناصر الشمراني والعابد قبل النهائي كفايه مجامله العاهه الميدا يبقى ناصر مهاجم الهلال الاول الهلال,both
empty,1,فريق بطل مثل الهلال يخذله الحظ ويجونك الطحالب بمستوى سيا ومساعده الحكام وياخذون الدوري ,both
empty,1,فيه عقلاا من جماهير الهلال مقتنعين وفرحانين بالتعادل وفيه جهله يتظلمون من الحكم ههههه,both
empty,2,قالو المرداسي افضل حكم في مباراه الاهلي والشباب لكن في مباراه الهلال والفتح اخس حكم كيف كذا ,both
empty,1,قدر الله وماشاا فعل شكرا للزوري والشلهوب وناصر والتعادل افضل من الهزيمه رغم كوارث التحكيم واللتي لو كانت لصالح الهلال لقامت ثوره ونياح,both
empty,1,كان كلاسيكو مثير شكرا للفتح لتعثر الهلال وشكرا للهلال لتعثر الفتح نتيجه رايعه ,both
empty,1,كانو يقولون افضل لاعب سعودي ومبدع ويستحق اوروبا والحين يسبونه هكذا هم جمهور الهلال ,both
empty,1,كفو يا الزوري الهلال تعادل و لاخساره حسبي الله عليك من حكم,both
M676484369817673728,2, اجمل مباراه قدمها الرائد من بدايه الموسم لكن الحكم الاهلاوي القرني ذبحهم من الوريد الى الوريد الاهلي_الرايد,both
M676490806304358400,3, اداري الرايد يهايط ويهايط ويهاااااايط مع العلم الحكم ماحسب بلنتيين وحتى بلنتي السومه صحيح الاهلي_الرائد,both
M676489838749683712,2, الاهلي_الرايد 9 جروس خسرنا اليوم ثلاثه عناصر مهمه ولكننا نمتلك مجموعه كبيره ومميزه ,both
M676485681183608832,1, الاهلي_الرايد الفريق لم يقدم المستوى المامول 70 دقيقه كان غائب تماما ولكن الاهم تحقيق الفوز,both
M676480852319162368,1, الاهلي_الرايد الفوز اللي يجيك من غش له طعم ثاني ومختلف جدا اول مره نجرب شعور الهلال ,both
M676499483698556928,1, الاهلي_الرايد اولا ابارك بالفوز وتعزيز الصداره ولاكن الحضور الجماهيري الليله علامه استفهام صراحه ,both
M676485294879719424,1, الاهلي_الرايد اولا الحمد لله على الفوز ثانيا اسوا مباراه للاهلي هذا الموسم بسبب اخطاا غروس في التشكيل,both
M676498555884957696,1, الاهلي_الرايد بصراحه اكثر فريق الرائد قدم مستوى مشرف ولكنه ظلم من التحكيم الذي اخرج الفريق من جو المباراه,both
M676480597288689664,1, الاهلي_الرايد دا مين دا عمكم تاج راسكم يا مجاري جدا انتو ,both
M676487298112991232,3, الاهلي_الرايد رغم الظلم التحكيمي الي تعرض له الاهلي فزنا وجبنا الصداره بس متي ينتهي مسلسل التحكيم ضدنا ,both
M676480586526138368,59, الاهلي_الرائد رغم انخفاض المستوي لكن نحمدالله علي الفوز و الثلاث نقاط والقادم اجمل باذن الله ,both
M676487695426801664,1, الاهلي_الرايد عوده و اي عوده يا ابو خطاب ظلموك با الايقاف فالجمهم بهاتريك ,both
M676487911991345152,1, الاهلي_الرايد فعلا فريق مميز ويستحق الالقاب بجداره لكن مافي دوري يا اخوان زيد الصبر عندك ,both
M676480489482551296,5, الاهلي_الرايد فهد الجهني لاعب الرائد اشكر زملائي ع الاداا وما اقول الا حسبنا الله ونعم الوكيل لاتجد هالتصاريح الا في موسم الن ,both
M676486971573854208,1, الاهلي_الرائد كل م فاز الاهلي راحت فلوسي عشاا للبيت وعشاا للربع طفففرت ي جماعه ,both
M676481483465474048,1, الاهلي_الرايد مبرووووك للملوك الصداره وحسبنا الله ع الحكم بغى يضيع علينا المباراه بلنتي واضح للاعب اسلام تغافل عنه لكن الحمدالله قبل كل شي,both
M676499331818631168,1, الاهلي_الرايد مدرب الاهلي حلو انه دخل المباراه بمهاجمين اثنين لكنه فتح اللعب لفريق الرائد بسبب انه لعب بدون اي محور دفاعي,both
M676481699476340736,5, الاهلي_الرائد ينقص الرائد حكم يلعب معه رقم 12 لك الله يارائد شكرا لكل اللاعبين على هذا الجهد ولكن هزمكم القرني بصافره ظا ,both
M676487969746894848,1, الحمد لله مبروك الثلاث نقاط وتعزيز الصداره مستوى مخيب للامال ولكن الاهم النقاط شكرا للمدرج الملكي الاهلي_الرائد,both
M676500032913285120,3, الهلال_هجر النصر_الاتحاد الاهلي_الرائد كمحايدومحب للمتعهوالتنافس فرحت لفوز الهلال النصر الاهلي مبروك وزعلت لهزيمه ,both
M676507274580467712,21, اوقفوه ظلما فعاقبهم بهاتريك ناااار ايش سويت فيهم يالعقيد الاهلي الاهلي_الرايد,both
M676481282965184512,2, اوقفوه ظلما وعاد بهاتريك هاتريك_السومه_غبن_البومه الاهلي_الرائد ,both
M676513982493171712,4, رغم الهفوات التحكيميه انتصرنا الاهلي_الرائد ,both
M676482329402089472,3, شكرا للاعبين على الروحح م قصرتو جميعا لاكن اذا كان خصمك القاضي فمن تقاضي خافو الله ي ظلام الاهلي_الرائد,both
M676481145761087488,1, مبروك و لا يهم المستوى لكن الاهلي يحتاج اجنبي سوبر ستار يشيل الوسط و لا بيتعب اكثر فالدور الثاني نحتاج لاعب مثل نيفيز ,both
M676509076088627200,1, ياجمهور الاهلي طالبتوا جروس باللعب بمهاجمين واستجاب وكان اسوا مباراه للاهلي عدى اخر ربع ساعه عندما رجع لطريقته الحديثه ,both
M676510679403208704,1,الاهلي نادي كبير ونحترمه لكن اذا كان ابداعه وفوزه من عرق جبينه لا من الدفع الرباعي والا صار انتصار بطعم التراب الاهلي_الرايد,both
M676489776846004224,1,الحمد لله على الفوز لكن ليه نلعب بالزبيدي يسار بدون منصور بنتعب كثير لمن يغيب شيفو صحصحوا يااداره الاهلي_الرائد ,both
M676481334932594688,1,الحمدلله على الفوز والثلاث نقاط للاسف بهذا المستوى ماراح نجمل بالدوري الاهلي_الرائد,both
M676497383577034752,1,الحمدلله فوز واستمرار في الصداره دكه الاهلي فقيره جدا لابد من حلول سريعه بالاضافه لاجنبيين الاهلي_الرايد,both
M676483972357087232,1,الف مبروك للاهلاويين عتبي على جروس غياب شيفو وباخشوين جميع المباريات نهائيه واراحه عناصر اساسيه اكبر غلط قد يكلف الاهلي الاهلي_الرائد,both
M676484670301802496,1,الف مبروك ي ملوك على الاداره مفاوضه لاعبين في خط الوسط وتسريح بهوي وفيتفا اذا استمر ع حالته حتى يستفيد الاهلي من الاجانب الاهلي_الرايد,both
M676480503395041280,1,الف مبروك ياملوك الصداره لكن للاسف مستوى سيئ جدا الاهلي_الرايد,both
M676496134471327744,1,الف مبرووووك الفوز بس بصراحه الفرق الصغيره خطيره على الاهلي وتخوف يجب على المدرب في هذا المباريات يهاجم من البدايه بقوه الاهلي_الرايد,both
M676482034655748096,1,الله يازين الصداره لمن تجي من اخطاا تحكيميه وتسمع صياح الزعيق الوضيع الشبابي اللي ماهمه الا الاهلي وفريقه زباله الاهلي_الرايد,both
M676490642047033344,1,برغم الفوز الكبير الاهلاوي الا ان الاخطاا التحكيميه شوك في البلعوم الاهلي_الرايد,both
M676488405535080448,1,حكم مباراه الاهلي_الرائد تغاضى عن جزائيتين واحده مسك للسومه والثانيه عرقله على اسلام سراج واحتسب اثنتين بلا شك انه افضل السيئين,both
M676488442742747136,1,مباراه كانت صعبه و الحمدلله الف مبروك ي ملوك الاهلي_الرايد,both
M676523891783790592,1,متصدرين وفايزين5وبرضو غيرراضين عن المستوى غيرنا ضاحكين عليه انه متصدرو32 بدون دوري ومبسوطين فرق طموووح الهلال_هجر الاهلي_الرايد الاهلي,both
empty,1,كنا نمني النفس بالفوز والنقاط رغم ماواجهناه في المباراه من ظلم تحكيمي فاضح تعادل مب حلو بس في الظروف ذي جيد الحمدلله ع كل حال الهلال,both
empty,1,كنت اتمنى فوز الفتح لكن الحمدلله ان الهلال تعثر,both
empty,1,كواك جحفلي الشمراني العابد شكررررا بحجم السماا دونيس يتحمل خساره النقطتين بالتشكيل الخاطئ فالبدايه ولا يهون المصور شراحيلي الهلال,both
empty,1,كويس امس تمنيت يتعثر الهلال و الاهلي الهلال تعثر بالتعادل باقي الاهلي ان شااالله يتعثر باي شيا ننتظر و نشوف,both
empty,1,لا ننسى ان نشكر الزوري وناصر والعابد الميدا صعب توصفه ولكن ليس طموح الهلال ,both
empty,1,لاخوف على الهلال الا بتواجد نكره مثل الفرج ولاخوف علينا طالما هناك روح مثل ناصر والعابد,both
empty,1,لانه مجتهد الجمهور دايم يطقطقون عليه واللي يلعب باعصابنا يصفقون له ,both
empty,1,لعيبه يتعبون عشان الشعار ويبذلون كل ماعندهم عشان الهلال واخر شي تجيك صفاره المرداسي وفلسفه الفرج وتقتل كل شييي تفللله عليكم ياعيال الكلب,both
empty,1,للامانه الهلال لعب دوره لكن الحكم طقطق على الهلال شوي الهلال,both
empty,1,لو يلعب الهلال ب تشكيله 4 5 1 نضمن الدوري لكن عندنا مدرب نشبه ,both
empty,1,لي يقهرك ان نسبت استحوذ الهلال عاليه بس يلعبون بدون تركيز وجع وربي الفتح العب صح,both
empty,1,ما ننسى تحقيق الهلال للدوري و مافيه دوري يا طحالب يا عيال الكلب,both
empty,1,ماحب اتكلم عن التحكيم لكن اليوم المرداسي ومساعديه الف علامه استفاهم الحمدلله ع كل حال وربي يوفق الهلال فيما تبقى الهلال_القتح,both
empty,1,ماعجب الجمهور الهلالي الا البدلاا 1العابد 2 ناصر 3 ياسر الخطه الي بدايه المباراه انكبه ام ام الهلال والكل يوافق هذا الكلام الهلال_الفتح,both
empty,1,ماعندي شي تجاه الهلال لكن اذا فاز التايملاين يصير سيا عكس لما يخسر ماودك تفك تويتر,both
empty,1,ماق صروا الم درب و الاعبي ن الحظ عاندنا والخصم مقفل والفرج ماهو في يومهه وشكرا للجموور الحاااضر الهلال_الفتح دونيس الهلال,both
empty,1,ماقصرتم يازعماا اسيا لكن حسبي على الوصخ الظالم فهد المرداسي واوجه شكر خاص لنجم اللقاا وبكل جداره النجم ناصر الشمراني شكرا من القلب الهلال,both
empty,1,ماودي الهلال يسجل بس دامه الزوري كفو <U+270C><U+270C> مظلوم المسكين,both
empty,1,مباراااه مجنونه لكن الهلال ببططططللللللل وقدر يعدل النتيجه ومارضئ بالهزيمه والحكم ظالم مههزله تحكيميه الهلال_الفتح,both
empty,1,مباراه اعصاب الهلال فرط فيها من الشوط الاول استهتار من المدرب وعوضها ف الشوط الثاني بس الدوري طويل وفالنا الدوري ب اذن الله ,both
empty,1,مباراه اعصاب سلمان يحط بالدكه لين يتعلم ويصير ادمي ادواردو اسوا مباراه له ناصر ونواف متحسن مستواهم الميدا هياط عالفاظي صبرا جميل الهلال,both
empty,1,مباراه الهلال و الفتح جميله جدا وفيها اهداف حلوه لكن الهلال انظلم بالهدف التسلسل وفاول التون الثاني اتمنى ماعاد اشوف الميدا يلعب اساسي,both
empty,1,مباراه تذهب و تعود نواف و ناصر من بعد اليوم اساسين الى نهايه الموسم الزوري تسلم راسك دونيس يجب ان يعيد حساباته في قادم الايام الهلال,both
empty,1,مباراه جميله الهلال لم يكن في مستواه والحمدلله الهلال_الفتح,both
empty,1,مباراه جميله جداا والحكم ظلم الهلال الهلال_الفتح,both
empty,1,مباراه ضيعناها من يدينا الفرج استفهام كبيررر العابد مستوى كبير وعوده حلوه القادم افضل والجحفله بطعم الخساره مره القادم اجمل الهلال,both
empty,1,مباراه ممتعه الصراحه الهلال ضيع فرص ما تضييع,both
empty,1,مباراه ممتعه الهلال فرط في النقاط وما احترم الفتح الهلال_الفتح,both
empty,1,مباراه ممتعه بين الزوري والفتح لكن الشوط الثاني اكثر من رائع من طرف الهلال لماذا يا دونيس قرااه فاشله للمباراه وتتحمل مسؤوليه النتيجه,both
empty,1,مبروك نقطه ل الهلال ثمينه دونيس لازم يقع في مازق عشان يتحرك سلمان الخطا نفس الخطا يتكرر كنا في منافسه مع الاهلي وشكلنا بندخل مع الاتحاد,both
empty,1,محظوظ فريق الدقائق الاخير يسجل التعادل امام الفتح المرداسي طرد لاعب الفتح وساعدهم لكن لاعبي الهلال لم يفوزو ويردو المعروف الهلال والفتح,both
empty,1,مدرب الهلال يتحمل التعادل الزوري انقذ الموقف,both
empty,1,مستوى الهلال جيد لكن تخفظ المدرب على اللعب بمهاجم واحد اكبر خطا وتضيع بعض المباريات الهلال_الفتح,both
empty,1,مشكله الهلال ف لاعبيه المدرب ممتاز اداره واعيه و جيده جدا استهتار الاعبين وتخاذلهم هو الي يضيعنا دايما و ن اقول غير صبرا جميل ,both
empty,1,معليش المباراه تجلط كويس ان الهلال تعادل معهم ضيعو فرص كثير ,both
empty,1,ملخص المباراه سوبر التون صعبها ع الهلال الفرج باعها و عشوائيه في تضييع الهجمات ضيعت 3 نقاط الزوري الشمراني نجوم المباراه,both
empty,1,من اسباب فشل الهلال تطبيل الجمهور لسلمان والميدا اقولها مليون مره نحن نحتاج مهاجم ضمك مع البطل ناصر الشمراني غير كذا لادوري ولا اسيا ,both
empty,1,من اسوا مباريات الهلال هالموسم الحمدلله و القادم افضل باذن الله ,both
empty,1,من اسواا مباريات الهلال هذا الموسم الزوري شكرا الهلال_الفتح,both
empty,1,من امتع المباريات اللي شفتها للهلال هالسنه للاسف متعه الهلال لا تاتي بالنقاط الثلاث ,both
empty,1,من اول ما وقع الميدا قلت نبي مهاجم على مستوى الهلال لكن لا جديد الشمراني افضل بكثير لكن دونيس مدري شنو الي يقنعه ,both
empty,1,من طلع الفرج تنفس الهلال حسبي الله عليه مدري من قاله انه بيرلو العابد صار حبيس للدكه وعاد اقوى وش المانع من تطبيق نفس الدعوى على سلمان,both
empty,1,مو راضيه بالنتيجه بس الحمدلله على نعمه الهلال دايما وابدا ,both
empty,1,ناصر الشمراني والزوري اليوم ابداع ولكن الحظ خذل الهلال,both
empty,1,ناصر الشمراني والله ثم والله انك وحش انت والزوري والله من ناحيه التحكيم الهلال فريق تحكيم والدليل هدف الفتح الثاني ,both
empty,1,ناصر العابد الشلهوب القحطاني شكرا لكم دونيس عليك المراجعه والتصحيح جمهور الهلال مع الهلال في المره قبل الحلوه لمنصات الذهب ,both
empty,1,ناصر اليوم اعاد لنا جزا كبير من ناصر وقت سامي روح تهديف صناعه لاكن مازلت لا اثق فيه ولا اتمنى وجوده فالنهائي الهلال,both
empty,1,ناصر وياسر والزوري بدونكم كان وضعنا سيئ هاردلك التعادل الصداره راحت بسبب الفرج ومدربه الغبي الهلال,both
empty,1,ناصر يا الزلزال مكانك في الملعب يا بطل الزوري ظلمناك كثير لكن رجال تحس احسن من الكلب سلمان الهلال_الفتح الهلال الزعيم,both
empty,1,ناصر يوجد ثغرات ويصنع و يسجل و لازال دونيس يتيح الفرصه لالميدا على حساب الهلال الميدا لاعب لكنه غير متجانس مع المجموعه,both
empty,1,ناصرالشمراني ياسر شلهوب زوري بيض الله وجيهكم انتم من انقذ الهلال من الخساره سلمان الفرج عليه ان يترك الثقه الزائده ويراجع نفسه الهلال_الفتح,both
empty,1,نجوم اللقاا الزوري و الشمراني كثير ما انتقدناهم الان علينا الاشاده نظير ما يقدموه في لقاا اليوم سلمان و الشمراني الاسوا الهلال,both
empty,1,نجوم المباراه اليوم جحفلي والزوري والشمراني الفرج من الي كاذب عليك وقائل انك خليفه الثنيان الهلال,both
empty,1,نقول للاعبي الهلال كنتم رجال بالملعب وماقصرتوا ولكن صعب تهزمون الحكم حسبنا الله ونعم الوكيل,both
empty,1,نهايه المباراه الهلال 3 الفتح 3 الزعيم يخسر ب التعادل نقطتين مهمه في مشواره نحو اللقب هارد لك ي زعيم والقادم افضل ان شاا الله,both
empty,1,هاردلك التعادل الهلال ابيخ مباراه للهلال اسوا لاعب الفرج افضل لاعب الزلزال والهكرز ,both
empty,1,هاردلك التعادل رغم سوا التحكيم والاصابات والمستوى الهلال لايخسر لاكن الصداره ماننحني عنها <U+2764><U+FE0F> الهلال_الفتح,both
empty,1,هاردلك التعادل يازعماا الشيا الجميل في المباراه مستوى ناصر الراييع الهلال,both
empty,1,هاردلك المكسب عوده الزلزال ولكن من يقنع الفيلسوف دونيس الهلال,both
empty,1,هاردلك الهلال زعيم الانديه الاسيويه ومساكين جمهور النصر و الاهلي قاعدين جمبي يطامرون ويصارخون احترقت اعصابهم يبون الزعيم ينهزم ,both
empty,1,هاردلكم ي زعماا مباراه جميله نتمنى من احمد_عيد منافسه شريفه كما حال مباراه الهلال اليوم مع فريقه المفضل الهلال_الفتح الاهلي_الخليج,both
empty,1,هدف من تسلل هدف من خطا غير صحيح تشكيله دونيس ورغم ذلك عاد الهلال ماقصرتوا بيض الله وجيهكم ولا عزاا لحكامنا الرخوم,both
empty,1,هدفين تسبب فيها الفرج وهدف لهم تسلل وهدفهم الاول قبله فاول لشهراني المرداسي والفرج قتلوا الهلال بس الاهم طلعنا بنقطه الحمدلله افضل من خساره,both
empty,1,هدفين فاول وهدف تسلل صريح راضي عن الهلال الا حاجتين الشهراني والفرج والف خط تحت الفرج مباراه ثلاثه نجوم الشمراني والعابد والزوري ,both
empty,1,هذا متعه دوري جميل الهلال لحاله متعه دوري جميل حرام انه فهالدوري المنحط ,both
empty,1,هلال استحق الفوز لكن مشكله الهلال 1 سوا الحظ 2 ضياع الفرص اكثر من الازم 3 دفاع فاشل 4 تغطيه دفاعيه فاشله 5التحكيم,both
empty,1,و الهلال كالعاده يسقي اللي يكرهونه من بحر ويرفع اللي يعشقونه للسما ,both
empty,1,و غير مهزله التحكيم الفتح عنده حظ موب طبيعي و بالنهايه دونيس لين متى يعاند على خطته من يوم عدلها ل 4 4 2 و الهلال متغير لكن الله يلعن مخه,both
empty,1,والله احترم كثير المدرب الهلالي دونيس لاكن هو ماعرف ينظم الهلال زين اطلب من الرائيس طرد دونيس والميدا,both
empty,1,والله الحفل فخامه مع اني زعلانه عشان تعادل الهلال بس الحفل واو خرافي الحفل_الختامي_زد_رصيدك,both
empty,1,والله الفتح مايستاهل الخساره لكن كالعاده حظ الهلال والمرداسي ماقصروا اكرموهم زين ,both
empty,1,والله الهلال قووي بس مدربهم حمااار,both
empty,1,والله الهلال مب سيا هجوميا بس تحس انه فيه شيا مب زابط الحظ ,both
empty,1,والله اليوم الهلال لعب بروح م شاا الله باستثناا الفرج وتغيرات دونيس والله غبي,both
empty,1,والله يا دونيس ان خطتك تقرابكل سهوله و دايم تغيرها الشوط الثاني بعد ما يفوت الفوت اليوم رجال الهلال اللي رجعونا ام انت وسلمان راجع حساباتكم,both
empty,1,ودي الهلال يفوز عشان ماننزل يالترتيب وفرحانه انه خسران شعور متناقض ,both
empty,1,وش سر حظ الهلال ياخي مع انه نادي حرام,both
empty,1,وعله يستمر على تعديل الخطه اللي تظهر بريق الهلال وتالقه دونيس نثق فيك وحسبي الله على من قتل فوز مستحق ,both
empty,1,وفي وسط هذه الفرحه والاحتفال بالبطوله يجب عليك ان لاتنسى اخي الهلالي الا لعنه الله على ريجي الهلال,both
empty,1,ونسيت نواف وعودته القويه اتمنى استمرار الجميع على هالمستوى ومراجعه دونيس للخطه خصوصا الفرج وموقع المحور الهلال_الفتح الهلال الزعيم,both
empty,1,يا دونيس يا غبي الزلزال صنع هدف وسجل هدف وكل مباراه لازم يحرجك يا عصل تبي تعاند روح الله لا يوفقك الهلال,both
empty,1,يارب لك الحمد رغم الظلم بس اهم شي ماخسرنا الحمدلله الهلال,both
empty,1,يالمرداسي نعم انت افضل حكم لكن ان تحاول استماله عواطف من اتهمك بظلمه ليل نهار محاوله منك لتخفيف الضغط عنك بظلم الهلال بذلك فقدت نزاهتك ,both
empty,1,يحسب للعيبه الهلال اصرارهم بغض النظر عن تخبيص سلمان الفرج,both
empty,1,يلعب ثلاثه قوب دفاع هي جيده اذا تقدم الهلال اما في حاله التاخر لايمكن العوده بسهوله والدليل الخساره امام الاتحاد الاهلي الفتح الهلال_الفتح,both
empty,1, الهلال_الفتح المرادسي سوا اللي عليه ودعم الهلال لاخر لحظه لكن عداله السماا حضرت بالتعادل المستحق للفتح,both
empty,1, الهلال_الفتح الهلال قدم مستوى رائع وقف ضده الحظ والحكم بالرغم من ذلك سقط الهلال بالتعادل هنا يفرق الهلال عن البقيه ,both
empty,2, الهلال_الفتح الهلال مع دونيس مباراه كويسه مباراه وسط مباراه سيئه ,both
empty,1, الهلال_الفتح انتقلت الوساخه من التحكيم الاسيوي ضد الهلال الى التحكيم المحلي كم انت كبير يازعيم اجتمعواليوقفوك لكن الله يخيبهم وحسبناالله,both
empty,1, الهلال_الفتح جمهور الهلال بيطير فرحه بالتعادل وجمهور الفتح زعلان هل كيف ,both
empty,1, الهلال_الفتح خروج عطيف خطا استمراريه ع الفرج خطا دخول ناصر والعابد غير مستوى الهلال للافضل السوبر مو كا عادته الحكم ضلمنا كثير ,both
empty,1, الهلال_الفتح دايم الهلال متميز حتى لو خسر هذي المباراه وماكان حتى التعادل يكفي ان اهداف الفتح استغلال لاخطاا الهلال وليست مهاره <U+270C><U+FE0F>,both
empty,1, الهلال_الفتح دونيس كاد ان يهزم الهلال لم يكن موفقا في تشكيله ولاحتى بتغييراته ولكن روح لاعبيه انقذت الموقف,both
empty,1, الهلال_الفتح دونيس مدرب غريبب جدا اوقات اقول مدرب سئ واوقات اشوفه افضل مدرب مر على الهلال تبديلاته اليوم تثبت انه مدرب فناااان,both
empty,1, الهلال_الفتح رغم النقص الفتحاوي الا ان الهلال تمكن من احراز التعادل بصعوبه في الكلاسيكو قبل قليل P,both
empty,1, الهلال_الفتح شكرا لجماهير الهلال اللي حضروا اليوم ولا عزاا للتحكيم الفاااااااااشل واللي خرب جمال المباراه اليوم ,both
empty,1, الهلال_الفتح شكرا ناصر الشمراني شكرا عبدالله الزوري اتمنى من اداره الهلال الاجتماع مع المدرب بشان مجامله الميدا,both
empty,1, الهلال_الفتح ع قد الضغوطات ولعانه الحكم الهلال م خسر كبير والله ي هلال ,both
empty,1, الهلال_الفتح عموما شكرا للفتح شكرا التون شكرا العويشير الهلال افضل سبيل للدفاع هو الهجوم تعادل بطعم الخساره فتح تعادل بطعم الفوز هلال ,both
empty,1, الهلال_الفتح لحد يطير في العجه الهلال اليوم قدم بس الحظ ما لعب معانا خيرها في غيرها,both
empty,3, الهلال_الفتح للامانه الهلال قدم مباراه جميله خاصتا الشوط الثاني ولكن الحكم كلمته اقوا الل ينصرك ي الزعيم ع الظالم ,bothط
empty,1, الهلال_الفتح ماقصرو اللاعبين بصراحه رجعو من 2 0 وتعالو الحمدلله والحكم ضلمنا كثير مفروض فوز الهلال لاكن الحمدلله الدوري لسى طويل تفائلو ,both
empty,1, الهلال_الفتح ماقصروا لاعبين الهلال قدموا مباراه ممتعه للجماهير الشرهه ع من نفخ شراحيلي وقاله انت الحارس الاول,both
empty,1, الهلال_الفتح مباراه جميله دائما الفرق تلعب امام الهلال اجمل مبارياتها والهلال يضيع اسهل الفرص,both
empty,2, الهلال_الفتح مباراه حلوه بين الفريق لكن الهلال فرط بالفوز عوافي وهذا هدف الفتح الثاني ياللي تقول الفتح انظلم ,both
empty,1, الهلال_الفتح مباراه مجنونه الهلال ضدالتون والعويشير الهلال فعل كل شي افتقد التوفيق الفرج اخطااه كثيره والمحور لايغفر خطاه نقطه افضل من لاشي,both
empty,1, الهلال_الفتح مباره الهلال والوحده في سلمان الفرج المباره ذي يقول سلمان فاشل والمبادره ذي يقول الزوري فنان المباره ,both
empty,1, الهلال_الفتح ممتعه المباراه شكرا للفريقين اسوا مافي المباراه خساره الهلال لنقطتين التون الزوري,both
empty,1, بالعكس المدرب ممتاز لكن بعض الاعبين اغبيا مع دونيس شفنا الهلال رجع يلعب الكره الجميله,both
empty,1, بالعكس مباراه اليوم المستوى جدا ممتاز المشكله فقط كانت في الفينش خصوصا الشوط الثاني اللي ضيع الهلال سلمان ثم الحكم,both
empty,2, بعد ماحدث اتوقع التعادل بطعم الفوز الفرج وشراحيلي يحتاجون حزم من المدرب والاداره عموما كان الهلال افضل بكل شي لولا ,both
empty,1, توقيت الهدف ممتاز عندي احساس ان الهلال راح يفوز بشرط تفادي الاخطاا الفرديه الساذجه ,both
empty,1, جحفلي انقذ الهلال من مرتده خطيره واعتذر لك رسميا ياجمجم كانت لك نظره ثاقبه بالكبيتانيو زيدان العريجا تفوووووووووووو عليه,both
empty,1, جعل راسك يسلم يا عبدالله_الزوري جعلك تسلم يا ناصر_الشمراني جعلكم دكه الاحتياط يا الميدا و سلمان_الفرج الهل ,both
empty,1, جمهور الهلال وفي وعلى اداره الهلال تقدير هذا الشي بالافعال وليس بالاقوال ناقشت المدرب مره ومرتين وتكررت الاخطاا وش تنتظر المطار ,both
empty,3, حرام نتعادل هدف تسلل للفتح والتحكيم وراا الزعيم بس عادي تبقاا زعيم وملكي وفخر للعرب الهلال الهلال_الفتح,both
empty,1, حنا نحب الهلال بس الصدق مافرحنا اليوم ,both
empty,1, دفاع الهلال فيه مشكله بس الهجوم رهيب للامانه,both
empty,1, دوري_عبداللطيف_جميل خروج سلمان الفرج سبب فجوه كبيره بوسط الهلال وهي سبب اهداف الفتح لكن هاردلك لزعماا القادم افضل ان شااالله ,both
empty,1,<U+0670> دونيس لم يوفق اليوم في طريقه لعبه ومع ذلك يظل الهلال اليوم الافضل لولا الاخطاا التحكيميه <U+0670>,both
empty,3, رغم اخطا المرداسي الفادحه التي صبت من صالح الفتح الى ان الهلال استطاع احراز التعادل الهلال_الفتح,both
empty,3, رغم الاصابات وغياب ديقاو وظلم المرداسي تعادل الهلال تعادل بطعم الانتصار عطفا على الظروف الهلال_الفتح,both
empty,27, رغم الظلم التحكيمي الفتح وبعشره لاعبين يخسر امام الهلال بالتعادل الغير مستحق الف مبروووك لانصار الفرق الشريفه ,both
empty,1, رغم الظلم التحكيمي والمجازر العواجيه الهلال يجلد الحكم والخصم الهلال_الاهلي,both
empty,4, رغم الظلم الهلال لا يترك عادته بمعانقه الذهب ,both
empty,15, رغم انف التحكيم القذر الهلال يابى السقوط ببساطه العظيم لايمكن ان يصرع ,both
empty,7, رغمه انه تعادل بطعم الخساره ولكن الزوري كان رجل المباراه في كل مباراه يظهر في اصعب اللحظات الهلال الهلال_الفتح ,both
empty,1, ركلتي جزاا وهدف ملغي كفيله بان تغير مجرى اي مباراه ولكن لان الهلال يملك المؤهلات وثقاقه الانتصار يتغلب على الاخطاا التح ,both
empty,15, روح الشلهوب والعابد قتاليه ناصر وادواردو والزوري انقذت الهلال من بربسه دونيس واخطاا الفرج الحمد لله نقطه والقادم اجمل ,both
empty,1, سلمان والله احبك واتمني انك افضل لاعب في الهلال سلمان اخطائك كوارثيه والمشكله انها متكرره اتمني ان لا تحتفظ بالكره بمركز المحور,both
empty,1, سلمان_الفرج حبيب قلبي كم كان ادائك ممتع راجع حسابك باسرع وقت الهلال مايوقف على لاعب شكرا لكل من حظر للملعب ,both
empty,2, سلموا لي على العويشير بس هذا الفرق ما بين حارس ينقذ فريقه وحارس يضيع فريقه العويشير يتالق وشراحيلي يتفرج الهلال الهلال_ ,both
empty,15, شكرا عبدالله الزوري شكرا ناصر الشمراني سلمان الفرج قتل الهلال,both
empty,16, شكرا لاعبين الهلال قدمتم كل شيا رغم اخطاا حكم المباراه سلمان الفرج حسبي الله عليك الميدا مل الصبر الهلال_الف ,both
empty,4, شكرا لكل من اجتهد داخل الملعب من لعيبه الهلال مباراه كانت صعبه والفتح استفاد من اخطاا اللعيبه دونيس لابد من تصحيح الاخطاا ,both
empty,3, شكرا للاعبين الهلال قدمو مباراه قتاليه ولاكن ماذا تفعل اذا كان خصمك القاضي فمن تقاضي,both
empty,5, شكرا للزوري شكرا ناصر شكرا جحفلي مبروك للمرداسي والفرج نقطتين ثمينه تم سلبها من الهلال الاول بسبب صافرته الظالمه والثاني ,both
empty,4, شكرا ناصر هذا المستوى وهذي الروح الي نبيها الزوري يسجل هدفين والميدا مستمتع بالمشاهده الحكم استقصد الهلال الحمدلله ع ,both
empty,3, شكرا نجوم الهلال ماقصرتوا دونيس الله لايوفقگ خليت الهلال حقل تجارب نواف_بن_سعد لازم تناقش دونيس مايصير ما يفعله بال ,both
empty,1, شوط ممتع من ذاكره الهلال الخالده الحكم ضيع هدف تصعيب المهمه ولاعبي الهلال ضيعوا اهداف انهاا النهائي والعابد الافضل وهذا هلال ,both
empty,3, صح ان المباره ترفع الضغط لاكن اخر الدقايق جنون والله حماس لاكن ياخي فيه لاعب ماخذ حقه في الهلال الزوري المفروض اساسي ,both
empty,1, عبدالله تخيل شكل الهلال كذا قدام فريق ب اسيا كم بتنتهي ياما قلنا ان المدرب جيد لكن قناعاته تسبب للهلال المشاكل,both
empty,23, على الرغم من التحكيم وعلى الرغم من الفرج لكن الهلال ما قصر والله,both
empty,3, على دونيس يعيد حساباته من جديد لو لعب ب هالتشكيله من الشوط الاول والله بتنتهي بنتيجه لكن الحمدلله القادم افضل الهلال,both
empty,1, في الهلال كل شي ممتاز عدا الفلسفه اليونانيه ,both
M671745815749263360,2, 1000 مبروك يازعماا فوز مستحق والحكم كان دون المستوى حالات طرد كثيره يستحقونها لاعبين التعاون الهلال_التعاون,both
M671724167117545472,3, ابا الخيل فريقنا مميز والتحكيم غير مرضي الهلال_التعاون ,both
M672082843804303360,3, اتمنى من اداره الهلال ممثله بوجه السعد محاسبه الناقل الرسمي لمباراه الهلال_التعاون عن اسباب اخفاا الجمهور ,both
M672113250658553856,1, افضل تشكيله للهلال للبطولات المحليه بس المشكله مايقدر يلعب فيها في بطوله اسيا الهلال_التعاون النصر ,both
M671792906966065152,3, التعاون ظلم كثيرا اليوم كان متميزا بكل المقاييس الهلال_التعاون,both
M671713940779479040,1, الحكم يزف الهلال للفوز في مباراه الهلال_التعاون التعاون قدم مباراه كبيره ولم يكن يستحق الخروج,both
M672092163421925376,1, الحين يطلعون لك السلق وكل واحد يصرح ع كيفه فقر ثابت الهلال_التعاون الف مبروك للزعماا ,both
M672107822671396864,1, الزعيم ينافس كاالعاده على جميع البطولات ياحسره على المراقبين والمنافقين يا بطل ياهلال مجدك بعد الزعامه لغيرك محاله ابد الهل ,both
M671724800029650944,3, الف الف مبروك الفوز الصعب جدااااااا في ظل الغيابات وهدر الفرص كادت تحرجنا كثير لكن الحمد لله الهلال_التعاون ,both
M672141294676942848,1, الف مبروك للزعماا وهارد لك للتعاون وجمهوره مباراه مثيره جدا ياللي في الدور السادس قصر صوتك ازعجنا صياحك الهلال_الت ,both
M672086492567744512,1, الف مبروك للهلال وجماهيره اشوف في صياااح في الهاشتاق اللي يقول التحكيم ساعدنا اقول له اعقب شوف المحللين وش قالو ,both
M671721772367106048,3, الفوده وكميل اتفقوا على نجاح الحكم في قراراته التحكيميه الا الاعلام المشترى اقام الدنيا لكي يشوه صوره الهلال القوي الهل ,both
M671810497570840576,2, الهلال الهلال_التعاون كادت ان تضيع لولا لطف الله الارهاق كان واضحا فيصل درويش وشراحيلي وتسجيل الميدا وعوده ناصر ,both
M671741915256266752,1, الهلال_التعاون 5 هدف تسلل واضح بعدها حقق الهلال بطوله كاس الملك امام النصر ,both
M671975226545016832,1, الهلال_التعاون اتمنى من الانديه السعوديه الحره والشريفه الانسحاب من بطولات الاتحاد الفاسد,both
M671722127704391680,3, الهلال_التعاون احلى شي انه فايز فريقك وكل اللي تدافع عن الفريق الثاني مالها شغل وبالاخص اللي طلع من الكاس وتجحفل همهم ز ,both
M671802106068733952,1, الهلال_التعاون اذا شفتو اعلام الفقر يصيح ف اعلمو ان الوضع في الطريق الصحيح,both
M671788754026262528,1, الهلال_التعاون الخسران الفريق المحترم التعاون والي يصيح الفريق غير المحترم النصر اصحاب المراكز الاولى يتصافون مع بعض ,both
M671723941258526720,5, الهلال_التعاون الي كان يسب الميدا اقوله شجع الهلال ولاتدخل في الاموره الهلاليه,both
M671749749679198208,2, الهلال_التعاون دونيس لعب باعصابنا بالتشكيله اللاعبين اللياقه تعبانه شوي من بعد الشباب ما يلامون وعبدالعزيز الدوسري مبروك ,both
M672023897735340032,1, الهلال_التعاون قصف جبهه للنصراويه من الشيخ احمد الفهد ويلومونا في حب الهلال شوفو رده طلع هلالي ,both
M671788731108585472,1, الهلال_التعاون لجماهير الزعيم الف مبروك القادم اجمل يارب وتصبحون ع خير للعواذل كملوا صياح وتصاميم للحكم ,both
M671721481458552832,1, بصراحهه التعاون كان بطل بس الحظ ضدهم واحلا شئ فيهم انهم ماستسلمو الهلال_التعاون,both
M671789006020059136,1, بعيدا عن استمتاع بصياحهم شكرا شكرا جمهور الهلال بالقصيم الهلال_التعاون,both
M671716157653696512,2, جماهير الهلال تحتفل بالتاهل تاره وتطقطق على اعلام السفله والببغاوات الصفراا تاره اخرى بصياحهم الذي ملا الفضاا ضجيجا ,both
M671717883408420864,26, سعد كميل حكم كويتي ضربه جزاا الهلال صحيحه هدف التعاون الملغي غير صحيح لا تدور زلتي وانت خابرني كفو الهلال_التعاون ,both
M671764539533303808,4, سمعوني صياح جمهور الاصفرين والطحالب مبروك التاهل وشكرا شكري الحنفوش الهلال_التعاون ,both
M672104466427068416,4, شي ما شفتوه في مباراه الهلال_التعاون بسبب حجب مخرج القناه لهذا الجمهور العظيم ,both
M671782005399560192,1, صياح النصراوييين يثبت لك ان الهلال يمشي بالطريق الصحيح الهلال_التعاون,both
M671902325435473920,1, صياح خصوم الكبير الازرق بسبب الفوز سمعوني صياح اسمع اسمع صياح_المركز_السادس الهلال_التعاون ,both
M671948795106746368,3, عزيزي الفقراوي الهلال اخذلك حقك من بيروزي ولخويا والقادسيه والشباب والتعاون وباذن الله بناخذلك حقك من هجر والاهلي ا ,both
M671839845996740608,6, غلطان منهو عاندك بالملعب لن النتيجه بالخساره ف وري ياهلالنا والخصم منك يتعب اما بولي العهد والا الدوري ابراهيم_العبدلي ال ,both
M671748445703680000,1, فاز الزعيم قالوا تحكيم غلاف صحيفه_الرياضي اليوم صحيفه_الرياضي الاتحاد الهلال_التعا ,both
M671734163356188672,1, في الدوري السعودي المركز الثاني هو البطل الحقيقي لان الاول بطل بالدفع الرباعي الهلال_التعاون,both
M671917634166870016,1, قاعده رياضيه كل م فاز الهلال كل م زاد الصياح الهلال_التعاون,both
M671716439515136000,2, قبل ايام يتصدر الهلال والنصراوي يصيح اليوم يخسر التعاون والنصراوي يصيح غدا بيتوقف السومه والنصراوي يصيح حالتهم يرثى لها اله ,both
M671749817073344512,1, لا شفتو جماهير الغير يتهمون الزعيم بالتحكيم اعلمو ان هلالكم بخير الهلال_التعاون ,both
M671718781635452928,1, ما قصر سكري القصيم وحظ اوفر وحكم المباره ما كان منصف للامانه والتعاون فاز بالمستوى والاداا داخل الملعب الهلال_التعاون,both
M671988282809573376,1, مبروك الفوز للزعيم رغم الفوز مو مقنع ابدا التعاون ظلم بكل صراحه فريق محترم بكل شي الهلال_التعاون,both
M671749933737877504,1, مبروك يازعماا الفوز صراحه شراحيلي ماقصر ومع كل كوره يصدها اقول سود الله وجهك ي السديري الهلال_التعاون ,both
M671786691875721216,1, مبرووك يازعيم الفوز الجميل و المستحق واجمل ما في الفوز بكاا الحفايظ ولطامهم الهلال_التعاون,both
M672166990602240000,6, متصدرين الدوري ومتاهلين في كاس ولي العهد وفايزين بالتحكيم ونسمع صياح المراكز السفلى وش هالزين التعاون_الهلال الهلال_ا ,both
M671732526852022272,6, محللmbc pro التحكيمي جميع قرارات شكري الحنفوش سليمه انا مادري ليش كل هالصياح ام انها اصبحت عاده بعد كل فوز للهلال الهلال_ال ,both
M671721020278050816,2, وانا اقول كل مااسمع صياحكم اعرف ان الهلال يمشي بالطريق الصحيح الهلال_التعاون ,both
M671782055651483648,5, ياهلال لو يشمت بك صغار ورخوم يشفع لك الجمهور وكبار الارقام يا هلال انت تطيح بس ترجع تقوم وغيرك يطيح ولكن ابطى ولا قام ,both
M671717666328059904,1,امس نفوز بالتحكيم واليوم عقوبه للطحالب تفيد الهلال وصياح الفقراويه يزيد كل يوم الهلال_التعاون ايقاف_السومه,both