V1,V2
يملك خبره,positive
يغفر له ويرحمه,positive
ي ابطال,positive
يارب الفرج,positive
يارب تنصر,positive
يا غالينا,positive
يالبيه,positive
وفقه الله,positive
نعم الله,positive
نصرا عزيزا,positive
مطمئن القلب,positive
ملك القلوب,positive
ماقصرتو,positive
مايحبه,positive
لاتعبتو,positive
لا خوف,positive
لاستقرار,positive
لا يهزم,positive
كان الله في عون,positive
في قلبي,positive
فرج الله,positive
فرج كربتهم,positive
عظم الله,positive
عظم الله اجر,positive
عجل فرجهم,positive
طيبه قلبه,positive
ضحى بحياته,positive
طفره علميه واقتصاديه,positive
سلام وحوار,positive
سيف سلمان,positive
رمز لسلام والمحبه,positive
رحمك الله,positive
رحم الله,positive
حيويه الشباب,positive
خط احمر,positive
دام عزك ياوطن,positive
حفظ الامن,positive
بعون الله,positive
بارقه امل,positive
امه في رجل,positive
اللهم ارحم,positive
اللهم ارحن,positive
اللهم ارزقهم,positive
اللهم ارفع,positive
اللهم استودعناك,positive
اللهم اصلح,positive
اللهم الطف,positive
اللهم انصر,positive
اللهم انصرهم,positive
اللهم ايدهم,positive
اللهم سدد,positive
اللهم صبر,positive
اللهم عيننا,positive
اللهم فرج,positive
اللهم فرجك,positive
اللهم نصرك,positive
الله يرحمك,positive
الله يرحمه,positive
الله يعز,positive
الله يغفر,positive
الله يفرجها,positive
الله يقويكم,positive
الله ينصركم,positive
الله ينصرهم,positive
السيف الاملح,positive
الامن خط احمر,positive
اعظم الله لكم الاجر,positive
اثنى عليه,positive
اتقو االله,positive
ابتسامه عرفان,positive
الله يرحم,positive
نحمد الله,positive
دام عزك,positive
الف مبروك,positive
يالبيه,positive
لك الحمد,positive
الله اكبر,positive
الله يحفظك,positive
الله يحفظه,positive
الله يفرج,positive
اللهم احفظ,positive
ابارك,positive
ابشر,positive
ابشركم,positive
اجمل,positive
احب,positive
احبه,positive
احسن,positive
احفظ,positive
احلى,positive
ارحم,positive
اسعد,positive
اصلح,positive
اعجبتني,positive
اعظم,positive
اعنه,positive
افراح,positive
افضل,positive
الابطال,positive
الاجمل,positive
الإخلاص,positive
الاستقرار,positive
الامن,positive
الايجابيه,positive
البركه,positive
البطل,positive
التوفيق,positive
الحكمه,positive
الحمدلله,positive
الخير,positive
السعاده,positive
الصالحه,positive
الصواب,positive
العافيه,positive
العز,positive
العطا,positive
الفرحه,positive
المباركه,positive
المحنك,positive
المطنوخ,positive
النعم,positive
الوفا,positive
امان,positive
امن,positive
انتصار,positive
انفعنا,positive
ايده,positive
بارك,positive
الفخر,positive
بخير,positive
بشرى,positive
بطل,positive
تاج,positive
تحب,positive
تحسين,positive
تحيه,positive
ترضى,positive
تعاون,positive
جميل,positive
جميله,positive
جيد,positive
جيده,positive
حب,positive
حبيب,positive
حبيبنا,positive
حرص,positive
حره,positive
حظ,positive
حلو,positive
خير,positive
خيره,positive
دعم,positive
رائع,positive
رحم,positive
رحمه,positive
رهيبه,positive
زين,positive
سدد,positive
سعاده,positive
سعيده,positive
سلامه,positive
شكرا,positive
صادق,positive
صامد,positive
صحيح,positive
طيبه,positive
عز,positive
عزك,positive
عظيم,positive
عظيمه,positive
عيد,positive
فخر,positive
فخور,positive
فخوره,positive
فداك,positive
فرح,positive
فرحت,positive
فرحتنا,positive
فرحه,positive
قوي,positive
كفو,positive
مبارك,positive
مباركه,positive
مبروك,positive
مزز,positive
مستانس,positive
مطمئن,positive
مفرحه,positive
ممتاز,positive
ممتازه,positive
مميز,positive
نبارك,positive
نجاح,positive
نجاه,positive
نستانس,positive
نستودعك,positive
نعم,positive
نعمه,positive
نفتخر,positive
نور,positive
نيالكوم,positive
نيالكوم,positive
هنيئا,positive
وفق,positive
وفقك,positive
وفقهم,positive
يحفظك,positive
يحفظه,positive
يشكر,positive
يعز,positive
يعزك,positive
يوفقه,positive
ابتسم,positive
ابطال,positive
اتمنى,positive
احترام,positive
احتفالات,positive
اسطوره,positive
اصدق,positive
اغلى,positive
اقوى,positive
اكبر,positive
الاعتزاز,positive
الامين,positive
الانجازات,positive
البسمه,positive
البطله,positive
التكاتف,positive
التهاني,positive
الثقه,positive
الحبيب,positive
الحق,positive
الحكيم,positive
الحماس,positive
الدعم,positive
الرحمه,positive
الزعامه,positive
الشجاعه,positive
الشرف,positive
الشهدا,positive
الطيبه,positive
العداله,positive
العدل,positive
العزيمه,positive
العظما,positive
الغالي,positive
الغاليه,positive
الفوز,positive
القائد,positive
القوي,positive
المحبه,positive
النصر,positive
ذهب,positive
الهيبه,positive
الوفاء,positive
انتصارات,positive
انتصر,positive
انتصرنا,positive
انصر,positive
انقذ,positive
اهتمام,positive
ايجابيه,positive
بسمه,positive
فوز,positive
هيبه,positive
يفوز,positive
تميز,positive
جمالا,positive
جميلا,positive
حبه,positive
حبيبي,positive
حق,positive
داهيه,positive
ذهبيه,positive
سلم,positive
سند,positive
شامخا,positive
شجاع,positive
شجاعه,positive
شرف,positive
شريف,positive
شموخ,positive
شهدا,positive
صالح,positive
عزنا,positive
عشق,positive
عظمه,positive
فاز,positive
فايز,positive
فخامه,positive
فخرنا,positive
فرحتهم,positive
قائد,positive
قلوبنا,positive
قوه,positive
قويه,positive
لدعم,positive
للهدر,positive
للهدرك,positive
مجد,positive
محب,positive
مرحبا,positive
مشرف,positive
منتصرا,positive
منصورين,positive
نصر,positive
نعيما,positive
هالابتسامه,positive
هديه,positive
همه,positive
وفي,positive
يدافع,positive
يسعده,positive
يعشقون,positive
يفتخر,positive
يفوزون,positive
ينتصر,positive
ينصر,positive
ينقذ,positive
احسنت,positive
ناجحه,positive
يرفع,positive
ابتسامتك,positive
ابتهاجا,positive
ابطالها,positive
اثلج,positive
اثنى,positive
احببنا,positive
احببناه,positive
احتراما,positive
احتفال,positive
احفظهم,positive
احمي,positive
ادب,positive
ارحمهم,positive
ارقى,positive
ازدهرت,positive
استبشري,positive
استشهاد,positive
استشهاده,positive
استشهد,positive
اشاوس,positive
اطمئني,positive
اطيب,positive
اعز,positive
اعزنا,positive
اعزه,positive
افدي,positive
افذ,positive
افرحي,positive
اقبل,positive
الاخلاص,positive
الاصاله,positive
الاغاثه,positive
الامجاد,positive
الانسانيه,positive
الايمان,positive
البشائر,positive
البلسم,positive
البنا,positive
البناء,positive
البواسل,positive
التبريكات,positive
التحيه,positive
التضامن,positive
التطوير,positive
التعاطف,positive
التنميه,positive
التنوير,positive
الجليل,positive
الجنه,positive
الحريه,positive
الداعم,positive
الرحيم,positive
الزاكيه,positive
السلميه,positive
الشهاده,positive
الشهداء,positive
الشهيد,positive
الصابرون,positive
الصالح,positive
الصالحين,positive
الصامدون,positive
الصبر,positive
الصمود,positive
الطف,positive
العروبه,positive
العزه,positive
العطاء,positive
العطره,positive
العظمى,positive
العقل,positive
الغفور,positive
الفذه,positive
الفرج,positive
الفردوس,positive
الفضيله,positive
القيود,positive
الكرامه,positive
المتضامنه,positive
المجاهد,positive
المجاهدون,positive
المجددين,positive
المخلص,positive
المدعوم,positive
المرح,positive
المشرفه,positive
المضيئه,positive
المقدس,positive
النصير,positive
الواجب,positive
امانه,positive
امير,positive
انجازات,positive
انصار,positive
انصرت,positive
انصره,positive
انصرهم,positive
انقذها,positive
ايدتها,positive
بالايجابيه,positive
بالحق,positive
بالخير,positive
بالشهاده,positive
بالنصر,positive
بانتصارات,positive
بحفاوه,positive
بدعم,positive
برئ,positive
بعزه,positive
بنصرك,positive
بنعم,positive
بوسام,positive
تبرئ,positive
تبرئه,positive
تتحرر,positive
تتضامن,positive
تتقدم,positive
تحبه,positive
تحرر,positive
تحفظها,positive
تزف,positive
تشتاق,positive
تشتاقله,positive
تشرفت,positive
تصدى,positive
تضامن,positive
تضامنا,positive
تضامنت,positive
تضامنكم,positive
تطهر,positive
تطهير,positive
تفرج,positive
تكريما,positive
تنتصر,positive
تنصر,positive
ثبتهم,positive
ثقل,positive
جنات,positive
حرا,positive
حكمته,positive
حليفكم,positive
حماه,positive
حمايه,positive
حنون,positive
ذخر,positive
رحمته,positive
رخا,positive
رزينه,positive
رضاك,positive
رعاك,positive
رفع,positive
سعادته,positive
سعدا,positive
سلام,positive
سينتصر,positive
شجاعته,positive
شرفت,positive
شعله,positive
شهادته,positive
شهامه,positive
شهدائنا,positive
شهيد,positive
شهيدا,positive
صامدين,positive
صبرا,positive
صمودنا,positive
صواب,positive
طهرنا,positive
طوبى,positive
عزه,positive
عزيز,positive
عزيزا,positive
عشت,positive
عظمته,positive
عظمتهم,positive
عوضهم,positive
فانتصر,positive
فرج,positive
فرجا,positive
قائدنا,positive
قواهم,positive
قياديه,positive
كرامتنا,positive
لابطال,positive
لبيك,positive
لتطوير,positive
لحمايه,positive
لسلام,positive
للخب,positive
للشهيد,positive
للفخامه,positive
للمبدعه,positive
للوفاء,positive
لنتحد,positive
لنصرت,positive
لنصره,positive
متضامن,positive
متضامنه,positive
متوازنه,positive
مجاهد,positive
محاسن,positive
محبوبتي,positive
مخلص,positive
مدحه,positive
مستبشرا,positive
منعم,positive
ميزه,positive
ناصر,positive
ناصركم,positive
نبيله,positive
نحمد,positive
نحييكم,positive
ندعوا,positive
نشاما,positive
نشامه,positive
نشكو,positive
نصرا,positive
نصره,positive
نضالا,positive
نفدي,positive
نقا,positive
نقاء,positive
نقتخر,positive
نقيه,positive
ننصر,positive
هنئا,positive
هنيا,positive
واثق,positive
اجلال,positive
احفظه,positive
ارزق,positive
اغفر,positive
السخا,positive
ترضاه,positive
رعاكم,positive
رعاه,positive
رفاهيه,positive
سلاما,positive
طهر,positive
عزا,positive
عزتها,positive
عزمها,positive
عزوتنا,positive
وفقكم,positive
وفقنا,positive
وفيه,positive
قدوتنا,positive
كرامتها,positive
مغفرته,positive
نؤيد,positive
وفقه,positive
يحفظنا,positive
يحفظهم,positive
يرحم,positive
يرضاه,positive
يرعاه,positive
يعزه,positive
ينصره,positive
ينصرهم,positive
يبرا,positive
يبشركم,positive
يحتفلون,positive
يحفظها,positive
يرحمه,positive
يرزقون,positive
يسامحنا,positive
يشرف,positive
يغفر,positive
يغنمون,positive
يقوي,positive
يقويهم,positive
احب,positive
احترام,positive
افضل,positive
الحماس,positive
الحمدلله,positive
السعاده,positive
حلو,positive
شكرا,positive
فرحه,positive
مباركه,positive
مبروك,positive
مزز,positive
يشكر,positive
الفوز,positive
يعشقون,positive
يفوز,positive
يفوزون,positive
تحسين,positive
تعاون,positive
حظ,positive
فاز,positive
فوز,positive
نستانس,positive
احترام,positive
اصدق,positive
اصدقائي,positive
اتمنى,positive
اهلا,positive
رعاك,positive
اصدقائي,positive
الفوز,positive
مبارك,positive
اخوانهم,positive
فردوسه,positive
ممتاز,positive
فوز,positive
اهلا,positive
احسن,positive
احفظ,positive
اعز,positive
الاعتزاز,positive
الحكمه,positive
الشرف,positive
العداله,positive
الحكمه,positive
المحبه,positive
امان,positive
انتصارات,positive
انتصر,positive
انصر,positive
بارك,positive
بسمه,positive
تطهير,positive
رعاك,positive
عزه,positive
فخر,positive
فخرنا,positive
قائد,positive
قائدنا,positive
نصر,positive
نصرا,positive
نصره,positive
احسن,positive
احفظ,positive
اعز,positive
الاعتزاز,positive
والدنا,positive
الشرف,positive
العداله,positive
المحبه,positive
امان,positive
انتصارات,positive
انتصر,positive
انصر,positive
بارك,positive
بسمه,positive
تطهير,positive
رعاك,positive
عزه,positive
فخر,positive
فخرنا,positive
وفق,positive
وفقهم,positive
قائد,positive
قائدنا,positive
نصر,positive
نصرا,positive
نصره,positive
والدنا,positive
وفق,positive
وفقهم,positive
يرحم,positive
ينصر,positive
ينصرهم,positive
يوفقه,positive
يرحم,positive
ينصر,positive
ينصرهم,positive
يوفقه,positive