V1,V2,,,
يملك خبره,positive,,,
يغفر له ويرحمه,positive,,,
ي ابطال,positive,,,
يارب الفرج,positive,,,
يارب تنصر,positive,,,
يا غالينا,positive,,,
يالبيه,positive,,,
وفقه الله,positive,,,
نعم الله,positive,,,
نصرا عزيزا,positive,,,
مطمئن القلب,positive,,,
ملك القلوب,positive,,,
لن ننسى,positive,,,
لن يموت,positive,,,
ماقصرتو,positive,,,
مايحبه,positive,,,
لاتعبتو,positive,,,
لا خوف,positive,,,
لاستقرار,positive,,,
لا يهزم,positive,,,
كان الله في عون,positive,,,
في قلبي,positive,,,
فرج الله,positive,,,
فرج كربتهم,positive,,,
عظم الله,positive,,,
عظم الله اجر,positive,,,
عجل فرجهم,positive,,,
طيبه قلبه,positive,,,
ضحى بحياته,positive,,,
طفره علميه واقتصاديه,positive,,,
سلام وحوار,positive,,,
سيف سلمان,positive,,,
رمز لسلام والمحبه,positive,,,
رحمك الله,positive,,,
رحم الله,positive,,,
حيويه الشباب,positive,,,
خط احمر,positive,,,
دام عزك ياوطن,positive,,,
حفظ الامن,positive,,,
بعون الله,positive,,,
بارقه امل,positive,,,
امه في رجل,positive,,,
اللهم ارحم,positive,,,
اللهم ارحن,positive,,,
اللهم ارزقهم,positive,,,
اللهم ارفع,positive,,,
اللهم استودعناك,positive,,,
اللهم اصلح,positive,,,
اللهم الطف,positive,,,
اللهم انصر,positive,,,
اللهم انصرهم,positive,,,
اللهم ايدهم,positive,,,
اللهم سدد,positive,,,
اللهم صبر,positive,,,
اللهم عيننا,positive,,,
اللهم فرج,positive,,,
اللهم فرجك,positive,,,
اللهم نصرك,positive,,,
الله يرحمك,positive,,,
الله يرحمه,positive,,,
الله يعز,positive,,,
الله يغفر,positive,,,
الله يفرجها,positive,,,
الله يقويكم,positive,,,
الله ينصركم,positive,,,
الله ينصرهم,positive,,,
السيف الاملح,positive,,,
الامن خط احمر,positive,,,
اعظم الله لكم الاجر,positive,,,
اثنى عليه,positive,,,
اتقو االله,positive,,,
ابتسامه عرفان,positive,,,
ي زين,positive,,,
ي زينه,positive,,,
مو ضعيف,positive,,,
ما تحملون,positive,,,
ما شاالله,positive,,,
ما عطتهم,positive,,,
مافي اسرع,positive,,,
ليس ضعيف,positive,,,
لله الحمد,positive,,,
لا تاحتي,positive,,,
لا تعمم,positive,,,
لا ضعيف,positive,,,
زي الحلاوه,positive,,,
زي اللوز,positive,,,
ترفع الراس,positive,,,
الله يرحم,positive,,,
ي متعه,positive,,,
ي فنان,positive,,,
يمتع العين,positive,,,
يلعب بروح,positive,,,
ي قلبي,positive,,,
يغسل احزاننا,positive,,,
يعطيك العافيه,positive,,,
يضع بصمته,positive,,,
يصالح جماهيره,positive,,,
يصنع الفارق,positive,,,
يصنع الفرق,positive,,,
يشرح الصدر,positive,,,
يسحب البساط,positive,,,
يستعيد الصدراه,positive,,,
يستاهلون الفوز,positive,,,
يستحق الاشاده,positive,,,
يستاهل الفوز,positive,,,
يستاهل الكاس,positive,,,
يستاهلك الفوز,positive,,,
يرحم ايامك,positive,,,
يدخلون التاريخ,positive,,,
يحطم الرقم القياسي,positive,,,
ي جمالكم,positive,,,
يثلج الصدر,positive,,,
يثلج صدورنا,positive,,,
يبيض الوجه,positive,,,
يبض الوجه,positive,,,
يبرد القلب,positive,,,
يبرد الكبد,positive,,,
يا الجناح,positive,,,
يا بخت,positive,,,
يا بطال,positive,,,
يا بطل,positive,,,
يا بعدهم,positive,,,
يا جمال,positive,,,
يا جمالك,positive,,,
يا حبي,positive,,,
يا حبي لذا الوجه,positive,,,
يا حبيبي,positive,,,
يا حبيله,positive,,,
يا حظنا,positive,,,
يا حظهم,positive,,,
يا حلاتك,positive,,,
يا حلو يومك,positive,,,
يا حيي هالوجه,positive,,,
يا روعتك,positive,,,
يا روعه,positive,,,
يا زعما,positive,,,
يا زعيم,positive,,,
يا زين,positive,,,
يا زين هالفرحه,positive,,,
يا زينه,positive,,,
يا زينها,positive,,,
يا سطوره,positive,,,
يا سلام,positive,,,
يا سلام عليك,positive,,,
يا عالمي,positive,,,
يا عريس,positive,,,
يا عمري,positive,,,
يا فخامه,positive,,,
يا فرحتنا,positive,,,
يا فرحتي فرحتاه,positive,,,
يا كبير,positive,,,
يا كلهم,positive,,,
يا لراقي,positive,,,
يا لزعما,positive,,,
يا لشقرديه,positive,,,
يا لكاسر,positive,,,
يا لوحش,positive,,,
يا ماحلا,positive,,,
يا ملوك,positive,,,
يا واحشنا,positive,,,
يارب وفق,positive,,,
وقفتهم حلوه,positive,,,
ولا اجمل,positive,,,
ولا احلى,positive,,,
ولا اروع,positive,,,
وش احلى من كذا,positive,,,
وش ذا القوه,positive,,,
وجه الخير,positive,,,
وجه السعد,positive,,,
وجه خير,positive,,,
وجهك خير,positive,,,
وجيه خير,positive,,,
وجيههم خير,positive,,,
هزم الخصم والحكم,positive,,,
هارد كك,positive,,,
هاردلك,positive,,,
نقله نوعيه,positive,,,
نعمه عظيمه,positive,,,
نحمد الله,positive,,,
نجم كبير,positive,,,
نتوجها بفوز,positive,,,
ميه ميه,positive,,,
نار الهجوم,positive,,,
منو يطوله,positive,,,
من قده,positive,,,
منتب سهل,positive,,,
ممتعه جدا جدا,positive,,,
مليح الوجه,positive,,,
معجب للمتعه,positive,,,
مستوى تصاعدي,positive,,,
مستوى جبار,positive,,,
مستوى جيد,positive,,,
مستوى طيب,positive,,,
مستوى نار,positive,,,
محدن يطوله,positive,,,
متعه يانصر,positive,,,
متصدر لا تناظرني,positive,,,
مب ضعيف,positive,,,
مبروك الفوز,positive,,,
مبروك ياعالمي,positive,,,
مايمل,positive,,,
ماينمل منه,positive,,,
مايضيع,positive,,,
مايقصر,positive,,,
مايخسر,positive,,,
مااجمل,positive,,,
مااجمل الفرحه,positive,,,
مااجملها,positive,,,
مااروع,positive,,,
مااروعك,positive,,,
مااروعه,positive,,,
ماازعل,positive,,,
ماتقدر تطوله,positive,,,
ماتمل,positive,,,
ماتنمل,positive,,,
ماخاب,positive,,,
ماخيب,positive,,,
ماخيبت ظني,positive,,,
ماراحت ثقتك,positive,,,
مازل هنا كامل,positive,,,
ماشاءالله,positive,,,
ماشاالله,positive,,,
ماشالله,positive,,,
ماشبعنا,positive,,,
ماظلمنا,positive,,,
ماعشقت غيرك,positive,,,
ماقصرتم,positive,,,
ماقصرتوا,positive,,,
ماقصرو,positive,,,
ماقصروا,positive,,,
ماله منافس,positive,,,
لن ننساك,positive,,,
لم يخسر,positive,,,
للمجد بقيه,positive,,,
للامام ياعالمي,positive,,,
لعيون الهلال,positive,,,
لشقرديه امواج,positive,,,
لايقبل الهزيمه,positive,,,
لايقهر,positive,,,
لايمل منه,positive,,,
لايخذلك,positive,,,
لايخسر,positive,,,
لايرحم,positive,,,
لاعب بطولات,positive,,,
لاعب مهم,positive,,,
لاخوف,positive,,,
كوره خطيره,positive,,,
لاتتعوض,positive,,,
لاتمل,positive,,,
كفيتوا وفيتوا,positive,,,
كل الحب,positive,,,
كفيت وفيت,positive,,,
كفيت ووفيتو,positive,,,
كبير الرياض,positive,,,
كبير العالم,positive,,,
كبير ياالهلال,positive,,,
قويه جدا,positive,,,
قوه الهلال,positive,,,
قوي جدا,positive,,,
قول عالمي,positive,,,
قود لاك,positive,,,
قمه المتعه,positive,,,
قمه فالروعه,positive,,,
قمه في الجمال,positive,,,
قمه في المتعه,positive,,,
قلبي الهلال,positive,,,
قدر العشم,positive,,,
فوق الخيال,positive,,,
فوق الوصف,positive,,,
فوق عالي,positive,,,
في محله,positive,,,
فوزه غير,positive,,,
فوز العالمي,positive,,,
فوز العالمي مستحق,positive,,,
فوز النصر ومتعته,positive,,,
فوز مستحق,positive,,,
فعلا قائد,positive,,,
فن وتكتيك,positive,,,
فرحه الفوز,positive,,,
فريق الاحلام,positive,,,
فرحتي فرحتين,positive,,,
فرحت فيه,positive,,,
فرحت كثيرا,positive,,,
فالك الفوز,positive,,,
فاز ويستحق,positive,,,
فاز بجداره,positive,,,
فارس الجزيره,positive,,,
غير طبيعي,positive,,,
غايه في الروعه,positive,,,
عيني عليك,positive,,,
عودا حميدا,positive,,,
عوده الثقه,positive,,,
عوده الروح,positive,,,
عوده حميده,positive,,,
عوده قويه,positive,,,
عمره ما يغيب,positive,,,
عظيم حبك,positive,,,
عزك عزنا,positive,,,
عز وفخر,positive,,,
عجزت امل منه,positive,,,
عالميه مجنونه,positive,,,
عال العال,positive,,,
عاد لمستواه,positive,,,
عادت المتعه,positive,,,
عادت معه المتعه,positive,,,
طعم الفوز,positive,,,
طاير من الفرحه,positive,,,
صانع الفوز,positive,,,
صح لسانك,positive,,,
شكرا للابطال,positive,,,
شكرا ياابطال,positive,,,
شعبيه طاغيه,positive,,,
شعور عظيم,positive,,,
سعيد جدا,positive,,,
ساده الفن,positive,,,
زعيم البطولات,positive,,,
زعيم المجد,positive,,,
روح البطل,positive,,,
روح الحماس والتالق,positive,,,
روح القائد,positive,,,
روح جميله,positive,,,
روح عاليه,positive,,,
روحه عاليه,positive,,,
رجل المباراه,positive,,,
رجعه حميده,positive,,,
دون خساره,positive,,,
دفعه معنويه,positive,,,
دامت افراحك,positive,,,
دافع معنوي,positive,,,
دام عزك,positive,,,
خمسه وخميسه,positive,,,
خط النار,positive,,,
حمد الله,positive,,,
حمد لله,positive,,,
حقق بطوله,positive,,,
حظ يكسر الصخر,positive,,,
حصد كل الكوس,positive,,,
حبني لك,positive,,,
حب الكيان,positive,,,
حاز الزعامه,positive,,,
جميل جدا,positive,,,
جعلني فدوه,positive,,,
ثلاثي الرعب,positive,,,
ثقه عاليه,positive,,,
ثروه النصر,positive,,,
توسع الصدر,positive,,,
تقدير له,positive,,,
تفرح اكثر,positive,,,
تطور غير مسبوق,positive,,,
تشق القلب,positive,,,
تسلم يمينك,positive,,,
تسكن قلبي,positive,,,
تستاهلون الفوز,positive,,,
ترد الروح,positive,,,
تجلب الفرح,positive,,,
تبشر بالخير,positive,,,
بيض الله وجهك,positive,,,
بيض الله وجيهكم,positive,,,
بهجه النصر,positive,,,
بلسم الروح,positive,,,
مستوى كبير,positive,,,
بكل جداره,positive,,,
بطوله مستحقه,positive,,,
بعد قلبي,positive,,,
روح كبيره,positive,,,
بدون منشطات,positive,,,
بدايه خير,positive,,,
الفوز الثمين,positive,,,
إيجابي جدا,positive,,,
اول من ظفر,positive,,,
امطر شباك,positive,,,
اليوم يومك,positive,,,
المنصات وطن,positive,,,
شيلوها شيله,positive,,,
الله عليك,positive,,,
الله علي,positive,,,
الله لا يحرمنا,positive,,,
الله يبارك بحياتك,positive,,,
الله يبارك بعمرك,positive,,,
الله يبارك فيك,positive,,,
الله يحميك,positive,,,
الله يخليك,positive,,,
الله يديم افراح,positive,,,
الله يديم الهلال,positive,,,
الله يسعده,positive,,,
الله يسعدهم,positive,,,
الله يطعني,positive,,,
الله يكثر من امثالك,positive,,,
الله يوفقكم,positive,,,
اللهم لا حسد,positive,,,
القائد الحقيقي,positive,,,
القادم اجمل,positive,,,
القادم افضل,positive,,,
القلب النابض,positive,,,
الفوز المستحق,positive,,,
الفوز مستحق,positive,,,
الف الف مبروك,positive,,,
الف الف مليون مبروك,positive,,,
الف مبارك,positive,,,
الف مبروك,positive,,,
الف مبروك الف,positive,,,
الف مبروك الفوز,positive,,,
العود احمد,positive,,,
العالمي ابداع,positive,,,
الصداره حقتنا,positive,,,
الشغل الصح,positive,,,
السحر ازرق,positive,,,
الزود عندي,positive,,,
الروح الرهيبه,positive,,,
الخير مقبل,positive,,,
الحمد الله,positive,,,
الحمد ببه,positive,,,
الحمد لله,positive,,,
اكثر من رائع,positive,,,
اكثر من رائعه,positive,,,
اقل الخسائر,positive,,,
اغلى من العين,positive,,,
اطغى يابحر,positive,,,
استحق الفوز,positive,,,
استحق الكاس,positive,,,
اخذنا بثارهم,positive,,,
اجمل من الخيال,positive,,,
اجمل نجوم,positive,,,
يفتح النفس,positive,,,
ي لبيه,positive,,,
يعطيهم خير,positive,,,
يابختكم,positive,,,
يابختهم,positive,,,
ياحبي,positive,,,
ياحظ,positive,,,
ياحظكم,positive,,,
ياحظهم,positive,,,
يازين,positive,,,
يازينها,positive,,,
ياسعدك,positive,,,
ياسلام,positive,,,
ياشهم,positive,,,
يالبيه,positive,,,
ياملحنا,positive,,,
وفقك الله,positive,,,
وفقكم الله,positive,,,
وفق الله,positive,,,
هنيالكم,positive,,,
نيالكوم,positive,,,
نفع الله,positive,,,
نفع الله بكم,positive,,,
مرحب به,positive,,,
مامثل,positive,,,
مايجوز,positive,,,
مايعانون,positive,,,
ما اجمل,positive,,,
مااحلل,positive,,,
مااشوف,positive,,,
مابخلنا,positive,,,
ماتحتاج,positive,,,
ماتقدر بثمن,positive,,,
ماشاء الله,positive,,,
ماشوف,positive,,,
مافيه احلى,positive,,,
ماقصر,positive,,,
ماقصرت,positive,,,
م فيه اجمل,positive,,,
لم يرتفع,positive,,,
لن يبخل,positive,,,
لك الحمد,positive,,,
لامشكله,positive,,,
لا باس,positive,,,
لا تسرف,positive,,,
لا قصرت,positive,,,
غير ضار,positive,,,
سدد خطاهم,positive,,,
يابخت,positive,,,
رعاك الله,positive,,,
رايتك بيضاء,positive,,,
حفظ الله,positive,,,
حفظك الله,positive,,,
جزاك الله,positive,,,
جزاك الله خير,positive,,,
تفتح النفس,positive,,,
بيض الله,positive,,,
بفضل الله,positive,,,
بارك الله,positive,,,
بارك الله فيك,positive,,,
الى الامام,positive,,,
الله اكبر,positive,,,
الله كريم,positive,,,
الله يبارك,positive,,,
الله يبشركم,positive,,,
الله يبيض,positive,,,
الله يحفظ,positive,,,
الله يحفظك,positive,,,
الله يحفظه,positive,,,
الله يحفظها,positive,,,
الله يحفهم,positive,,,
الله يديم,positive,,,
الله يرزق,positive,,,
الله يرزقنا,positive,,,
الله يرزقهم,positive,,,
الله يستر,positive,,,
الله يسخر,positive,,,
الله يسعد,positive,,,
الله يسعدك,positive,,,
الله يسهل,positive,,,
الله يصلح,positive,,,
الله يطمن,positive,,,
الله يفرج,positive,,,
الله يكثر,positive,,,
الله ينفع,positive,,,
الله يهديكم,positive,,,
الله يهنيكم,positive,,,
الله يوفق,positive,,,
الله يوفقك,positive,,,
الله يوفقه,positive,,,
الله يوفقهم,positive,,,
اللهم احفظ,positive,,,
اللهم ارزق,positive,,,
اللهم انفع,positive,,,
اللهم سدده,positive,,,
اللهم لك الحمد,positive,,,
اللهم وفق,positive,,,
اللهم وفقه,positive,,,
اللهم وفقهم,positive,,,
السمع والطاعه,positive,,,
الحمد والشكر,positive,,,
اعان الله,positive,,,
اعانهم الله,positive,,,
ارفع له القبعه,positive,,,
احمد ربك,positive,,,
ينفع بك,positive,,,
ينفع بهم,positive,,,
الحلا زايد,positive,,,
رد الجميل,positive,,,
ابداع العالمي,positive,,,
البطل العالمي,positive,,,
البطولات قادمه,positive,,,
التصر متعه,positive,,,
شدو حيلكم,positive,,,
شعب الهلال,positive,,,
اؤيد,positive,,,
ابارك,positive,,,
ابداعات,positive,,,
ابدعت,positive,,,
ابرك,positive,,,
ابسط,positive,,,
ابشر,positive,,,
ابشركم,positive,,,
ابشروا,positive,,,
ابشري,positive,,,
اتقبل,positive,,,
اجزهم,positive,,,
اجمل,positive,,,
اجملهم,positive,,,
احب,positive,,,
احببناك,positive,,,
احبك,positive,,,
احبكم,positive,,,
احبه,positive,,,
احتفالا,positive,,,
احتفل,positive,,,
احسن,positive,,,
احفظ,positive,,,
احفظنا,positive,,,
احلا,positive,,,
احلى,positive,,,
احمد,positive,,,
احمدو,positive,,,
احمدوا,positive,,,
اخويه,positive,,,
ادم,positive,,,
ارتحت,positive,,,
ارحب,positive,,,
ارحبي,positive,,,
ارحتم,positive,,,
ارحتنا,positive,,,
ارحم,positive,,,
ارخص,positive,,,
ارخصها,positive,,,
ارزقه,positive,,,
ارضهم,positive,,,
ارفع,positive,,,
ارفعوا,positive,,,
اروع,positive,,,
ازين,positive,,,
استانست,positive,,,
استانسوا,positive,,,
استعجال,positive,,,
استفدنا,positive,,,
استقرار,positive,,,
اسرع,positive,,,
اسعد,positive,,,
اسعدكم,positive,,,
اسعدني,positive,,,
اشكر,positive,,,
اشكرك,positive,,,
اشكروه,positive,,,
اصلح,positive,,,
اصلحهم,positive,,,
اطلق,positive,,,
اطمئنوا,positive,,,
اعتز,positive,,,
اعجبتني,positive,,,
اعزها,positive,,,
اعظم,positive,,,
اعقل,positive,,,
اعنه,positive,,,
اعنهم,positive,,,
اغلا,positive,,,
افخر,positive,,,
افراح,positive,,,
افرحت,positive,,,
افرحوا,positive,,,
افضل,positive,,,
اقدح,positive,,,
اكرمتنا,positive,,,
الابداع,positive,,,
الابطال,positive,,,
الاجمل,positive,,,
الإخلاص,positive,,,
الارخص,positive,,,
الاستقرار,positive,,,
الاستمتاع,positive,,,
الاصيل,positive,,,
الاعجاب,positive,,,
الافضل,positive,,,
الاقويا,positive,,,
الامان,positive,,,
الامانه,positive,,,
الامل,positive,,,
الامن,positive,,,
الاولى,positive,,,
الايجابي,positive,,,
الايجابيه,positive,,,
البركه,positive,,,
البطل,positive,,,
الترفيه,positive,,,
التقدم,positive,,,
التكريم,positive,,,
التواضع,positive,,,
التوفيق,positive,,,
الثنا,positive,,,
الجمال,positive,,,
الجميل,positive,,,
الجميله,positive,,,
الحب,positive,,,
الحزم,positive,,,
الحسنه,positive,,,
الحكمه,positive,,,
الحلو,positive,,,
الحلول,positive,,,
الحلوه,positive,,,
الحمد,positive,,,
الحمدلله,positive,,,
الخنفشاري,positive,,,
الخير,positive,,,
الخيره,positive,,,
الدلال,positive,,,
الرائعه,positive,,,
الرابح,positive,,,
الرخا,positive,,,
الرضى,positive,,,
الزين,positive,,,
الزينه,positive,,,
السداد,positive,,,
السعاده,positive,,,
السعيد,positive,,,
السماح,positive,,,
الشجاع,positive,,,
الشكر,positive,,,
الشهامه,positive,,,
الشهم,positive,,,
الصائب,positive,,,
الصالحات,positive,,,
الصالحه,positive,,,
الصح,positive,,,
الصحه,positive,,,
الصداره,positive,,,
الصلاح,positive,,,
الصواب,positive,,,
الطموحه,positive,,,
الطيبين,positive,,,
العافيه,positive,,,
العرفان,positive,,,
العز,positive,,,
العطا,positive,,,
العظيم,positive,,,
الفائده,positive,,,
الفاتنه,positive,,,
الفخم,positive,,,
الفرح,positive,,,
الفرحه,positive,,,
الفكاهي,positive,,,
الفله,positive,,,
القميل,positive,,,
المباركه,positive,,,
المبدعين,positive,,,
المتعه,positive,,,
المجد,positive,,,
المحافظه,positive,,,
المحب,positive,,,
المحبوب,positive,,,
المحنك,positive,,,
المشرق,positive,,,
المطنوخ,positive,,,
المعطلين,positive,,,
المنشط,positive,,,
الميزه,positive,,,
النبيل,positive,,,
النجاح,positive,,,
النعم,positive,,,
النعمه,positive,,,
الوفا,positive,,,
الولا,positive,,,
الوناسه,positive,,,
الونيس,positive,,,
امان,positive,,,
امجادك,positive,,,
امل,positive,,,
امن,positive,,,
امنا,positive,,,
امنين,positive,,,
اناقه,positive,,,
انبسطو,positive,,,
انبسطوا,positive,,,
انتصار,positive,,,
انتعاش,positive,,,
انجاز,positive,,,
انجح,positive,,,
انخفاض,positive,,,
انعمت,positive,,,
انفدا,positive,,,
انفع,positive,,,
انفعنا,positive,,,
انقاذ,positive,,,
اهتمامك,positive,,,
اهدي,positive,,,
اهم,positive,,,
اهنيكي,positive,,,
اهنيها,positive,,,
اهواك,positive,,,
اوفر,positive,,,
ايجابي,positive,,,
ايجايبه,positive,,,
ايده,positive,,,
اجابيه,positive,,,
بارك,positive,,,
الايجاب,positive,,,
الفخر,positive,,,
النفع,positive,,,
تاييدك,positive,,,
تخف,positive,,,
تضافر,positive,,,
جمال,positive,,,
جهود,positive,,,
حفظها,positive,,,
بحمد,positive,,,
بخير,positive,,,
برافو,positive,,,
بركه,positive,,,
بريئه,positive,,,
بسعدكم,positive,,,
بسيط,positive,,,
بسيطه,positive,,,
بشاره,positive,,,
بشاشه,positive,,,
بشرا,positive,,,
بشرى,positive,,,
بشوش,positive,,,
صداره,positive,,,
صمت,positive,,,
بطل,positive,,,
بفخر,positive,,,
بفرح,positive,,,
بفضل,positive,,,
بقيه,positive,,,
بنرتاح,positive,,,
بنعمته,positive,,,
بنعمه,positive,,,
بننبسط,positive,,,
يحسن,positive,,,
يخفف,positive,,,
يزيد,positive,,,
تؤيد,positive,,,
تاج,positive,,,
تبريكات,positive,,,
تبشر,positive,,,
تبشرني,positive,,,
تتحقق,positive,,,
تتهنوا,positive,,,
تتهنون,positive,,,
تثقف,positive,,,
تثقيف,positive,,,
تحب,positive,,,
تحتاج,positive,,,
تحسين,positive,,,
تحفظ,positive,,,
تحفيزيه,positive,,,
تحلقين,positive,,,
تحيه,positive,,,
تخفيف,positive,,,
تخلصنا,positive,,,
تدلعنا,positive,,,
تدللون,positive,,,
ترضى,positive,,,
ترفيه,positive,,,
ترفيهي,positive,,,
تزين,positive,,,
تستانس,positive,,,
تستاهلون,positive,,,
تسعده,positive,,,
تسكين,positive,,,
تشغلون,positive,,,
تشغيل,positive,,,
تصحيح,positive,,,
تطمن,positive,,,
تطمنوا,positive,,,
تطور,positive,,,
تطوعهم,positive,,,
تطوعيه,positive,,,
تعاون,positive,,,
تعجبني,positive,,,
تفاعل,positive,,,
تفداك,positive,,,
تقدرون,positive,,,
تقدم,positive,,,
تقصر,positive,,,
تكاتف,positive,,,
تكبير,positive,,,
تلاحما,positive,,,
تلبيه,positive,,,
تمام,positive,,,
تميزتي,positive,,,
تنطلق,positive,,,
تهاني,positive,,,
تهانينا,positive,,,
تهدي,positive,,,
تهنئه,positive,,,
توافيق,positive,,,
تونس,positive,,,
ثبات,positive,,,
ثقافه,positive,,,
ثمين,positive,,,
ثمينه,positive,,,
جاهزه,positive,,,
جباره,positive,,,
جدوى,positive,,,
جديد,positive,,,
جريئه,positive,,,
جزاه,positive,,,
جزاهم,positive,,,
جميل,positive,,,
جميلات,positive,,,
جميله,positive,,,
جهودك,positive,,,
جهوده,positive,,,
جوده,positive,,,
جيد,positive,,,
جيدا,positive,,,
جيده,positive,,,
حاب,positive,,,
حب,positive,,,
حبايبي,positive,,,
حبيب,positive,,,
حبيبنا,positive,,,
حرص,positive,,,
حرصه,positive,,,
حره,positive,,,
حريصه,positive,,,
حسنه,positive,,,
حظ,positive,,,
حظاه,positive,,,
حظكم,positive,,,
حفظكم,positive,,,
حكيم,positive,,,
حكيما,positive,,,
حكيمه,positive,,,
حلال,positive,,,
حلو,positive,,,
حلوه,positive,,,
حماس,positive,,,
حماك,positive,,,
حمدا,positive,,,
حمدلله,positive,,,
حميده,positive,,,
حنانه,positive,,,
خرافي,positive,,,
خفاقه,positive,,,
خفيفه,positive,,,
خقه,positive,,,
خيال,positive,,,
خيالي,positive,,,
خير,positive,,,
خيرا,positive,,,
خيره,positive,,,
خيرها,positive,,,
دعم,positive,,,
دعمك,positive,,,
دلع,positive,,,
دلعنا,positive,,,
دماثه,positive,,,
ذخرا,positive,,,
ذكا,positive,,,
ذكي,positive,,,
رائع,positive,,,
رائعه,positive,,,
راحه,positive,,,
راضين,positive,,,
راقيا,positive,,,
رحم,positive,,,
رحمه,positive,,,
رخيص,positive,,,
رخيصه,positive,,,
رغد,positive,,,
رهيب,positive,,,
رهيبه,positive,,,
روعه,positive,,,
زاهر,positive,,,
زين,positive,,,
زيناه,positive,,,
ساند,positive,,,
تسهم,positive,,,
تنهي,positive,,,
سخرهم,positive,,,
سداد,positive,,,
سدد,positive,,,
سدده,positive,,,
سددهم,positive,,,
سديده,positive,,,
سرعه,positive,,,
سعادتي,positive,,,
سعاده,positive,,,
سعيد,positive,,,
سعيده,positive,,,
سلامته,positive,,,
سلامه,positive,,,
سهله,positive,,,
سمعا,positive,,,
نحتفل,positive,,,
يتحقق,positive,,,
يساهم,positive,,,
يستفيد,positive,,,
يقل,positive,,,
يقلل,positive,,,
شاكرا,positive,,,
شامخ,positive,,,
شامخون,positive,,,
شكر,positive,,,
شكرا,positive,,,
شكره,positive,,,
شكرها,positive,,,
شهم,positive,,,
صائب,positive,,,
صادق,positive,,,
صاروخ,positive,,,
صامد,positive,,,
صايب,positive,,,
صحيح,positive,,,
صحيحه,positive,,,
صدق,positive,,,
صلاح,positive,,,
ضحكه,positive,,,
طاعه,positive,,,
طمانينه,positive,,,
طيب,positive,,,
طيبا,positive,,,
طيبه,positive,,,
عاشو,positive,,,
عافيه,positive,,,
عالبركه,positive,,,
عز,positive,,,
عزك,positive,,,
عسل,positive,,,
عشاق,positive,,,
عطائه,positive,,,
عظيم,positive,,,
عظيمه,positive,,,
عفيه,positive,,,
عونكم,positive,,,
عيد,positive,,,
غالي,positive,,,
غاليه,positive,,,
غنوا,positive,,,
غيث,positive,,,
ليحيا,positive,,,
تبهج,positive,,,
فتحت,positive,,,
فخر,positive,,,
فخرا,positive,,,
فخم,positive,,,
فخور,positive,,,
فخوره,positive,,,
فخورين,positive,,,
فدا,positive,,,
فداك,positive,,,
فدوه,positive,,,
فديت,positive,,,
فديتكم,positive,,,
فديتنا,positive,,,
فرح,positive,,,
فرحا,positive,,,
فرحانين,positive,,,
فرحت,positive,,,
فرحتكم,positive,,,
فرحتنا,positive,,,
فرحه,positive,,,
فرحوا,positive,,,
فرحونا,positive,,,
فرص,positive,,,
فرصه,positive,,,
فزعات,positive,,,
فزعتهم,positive,,,
فله,positive,,,
فلوها,positive,,,
فن,positive,,,
فوائد,positive,,,
فوائدها,positive,,,
قادحين,positive,,,
قادم,positive,,,
قوي,positive,,,
كافحت,positive,,,
كبير,positive,,,
كتكوته,positive,,,
كريم,positive,,,
كريمه,positive,,,
كسبنا,positive,,,
كفا,positive,,,
كفاه,positive,,,
كفو,positive,,,
كفيت,positive,,,
كويس,positive,,,
كويسه,positive,,,
كيوت,positive,,,
لائقا,positive,,,
لباك,positive,,,
لبى,positive,,,
لبيه,positive,,,
تمكين,positive,,,
لطف,positive,,,
لطيف,positive,,,
عطفه,positive,,,
للابداع,positive,,,
للافضل,positive,,,
للترفيه,positive,,,
للحياه,positive,,,
للغالين,positive,,,
لمصلحتنا,positive,,,
لين,positive,,,
مؤيد,positive,,,
مؤيده,positive,,,
مؤيدين,positive,,,
مبارك,positive,,,
مباركه,positive,,,
مباركين,positive,,,
مباهج,positive,,,
مبدعه,positive,,,
مبروك,positive,,,
مبسوط,positive,,,
مبسوطين,positive,,,
مبشره,positive,,,
مبهج,positive,,,
متحدين,positive,,,
متزنا,positive,,,
متزنه,positive,,,
متشوق,positive,,,
متصدر,positive,,,
متصدره,positive,,,
متصدرين,positive,,,
متعنا,positive,,,
متعه,positive,,,
متفائل,positive,,,
متفائلا,positive,,,
متقدمين,positive,,,
متنفس,positive,,,
مجانا,positive,,,
مجدك,positive,,,
محبته,positive,,,
محبه,positive,,,
محبوب,positive,,,
محتفلين,positive,,,
محتفي,positive,,,
محظوظين,positive,,,
محفزه,positive,,,
محققين,positive,,,
مدافعين,positive,,,
مدلع,positive,,,
مدلل,positive,,,
مروءه,positive,,,
مرتاح,positive,,,
مرفوع,positive,,,
مرونه,positive,,,
مزز,positive,,,
مززه,positive,,,
مزه,positive,,,
مزيونه,positive,,,
مساعدات,positive,,,
مساندتهم,positive,,,
مستانس,positive,,,
مستانسين,positive,,,
مسك,positive,,,
مسكنات,positive,,,
مشرفه,positive,,,
مشرق,positive,,,
مصلحه,positive,,,
مطانيخ,positive,,,
مطمئن,positive,,,
مطمئنين,positive,,,
معالجه,positive,,,
معقوله,positive,,,
معين,positive,,,
مفائل,positive,,,
مفرح,positive,,,
مفرحه,positive,,,
مفيد,positive,,,
مكاسب,positive,,,
مكسب,positive,,,
ملهم,positive,,,
ملهمه,positive,,,
ممتاز,positive,,,
ممتازه,positive,,,
ممتعه,positive,,,
مميز,positive,,,
مناسب,positive,,,
منافع,positive,,,
منتازه,positive,,,
منتظر,positive,,,
منصدر,positive,,,
منطقي,positive,,,
منفعه,positive,,,
منقدكم,positive,,,
منقدنا,positive,,,
موفق,positive,,,
موفقه,positive,,,
نادر,positive,,,
نافعا,positive,,,
نافعه,positive,,,
نافعين,positive,,,
نبارك,positive,,,
نرتاح,positive,,,
نتسلى,positive,,,
نتفائل,positive,,,
نتمنى,positive,,,
نتيجه,positive,,,
نثق,positive,,,
نجاح,positive,,,
نجاه,positive,,,
نحبك,positive,,,
نحسن,positive,,,
نرفه,positive,,,
نرقص,positive,,,
نزخر,positive,,,
نستانس,positive,,,
نستاهل,positive,,,
نستمتع,positive,,,
نستودعك,positive,,,
نشكر,positive,,,
نطمح,positive,,,
نعم,positive,,,
نعمك,positive,,,
نعمه,positive,,,
نفتخر,positive,,,
نفتدي,positive,,,
نفتك,positive,,,
نفخر,positive,,,
نفدابها,positive,,,
نفداك,positive,,,
نفداها,positive,,,
نفرح,positive,,,
نفرفش,positive,,,
نفع,positive,,,
نفعها,positive,,,
نفلها,positive,,,
نفي,positive,,,
نقدر,positive,,,
نقله,positive,,,
ننبسط,positive,,,
ننعم,positive,,,
نور,positive,,,
نوعيه,positive,,,
هنيالكم,positive,,,
نيالكوم,positive,,,
نيالكوم,positive,,,
هادف,positive,,,
هادفه,positive,,,
البشاره,positive,,,
هانت,positive,,,
هنيئا,positive,,,
واصلي,positive,,,
واعيه,positive,,,
ودي,positive,,,
وعي,positive,,,
وفا,positive,,,
وفق,positive,,,
وفقك,positive,,,
وفقهم,positive,,,
وفيت,positive,,,
وناسه,positive,,,
ونسنا,positive,,,
ونسه,positive,,,
يبارك,positive,,,
يبتسم,positive,,,
يبشرك,positive,,,
يبشرهم,positive,,,
يتطور,positive,,,
يحب,positive,,,
يجنن,positive,,,
يحبنا,positive,,,
يحبوا,positive,,,
يحبونه,positive,,,
يحفظ,positive,,,
يحفظك,positive,,,
يحفظه,positive,,,
يحمس,positive,,,
يخلي,positive,,,
يخليلنا,positive,,,
يخير,positive,,,
يدعمك,positive,,,
يديم,positive,,,
يرتاح,positive,,,
يرحونا,positive,,,
يرضي,positive,,,
يساند,positive,,,
يستاهل,positive,,,
يستاهلون,positive,,,
يستحق,positive,,,
يسدد,positive,,,
يسعدك,positive,,,
يسعدكم,positive,,,
يسمحون,positive,,,
يشجع,positive,,,
يشكر,positive,,,
يشيد,positive,,,
يصفق,positive,,,
يصلح,positive,,,
يطعني,positive,,,
يطول,positive,,,
يعز,positive,,,
يعزز,positive,,,
يعزك,positive,,,
يعظم,positive,,,
يفتح,positive,,,
يمدحون,positive,,,
ينجح,positive,,,
ينفع,positive,,,
يهنيكم,positive,,,
يهون,positive,,,
يوفر,positive,,,
يوفق,positive,,,
يوفقك,positive,,,
يوفقكم,positive,,,
يوفقنا,positive,,,
يوفقه,positive,,,
يوفقها,positive,,,
يوفقهم,positive,,,
يونس,positive,,,
ابتسامه,positive,,,
ابتسم,positive,,,
ابتسموا,positive,,,
ابتسمي,positive,,,
ابداع,positive,,,
العالمي,positive,,,
ابداعاته,positive,,,
ابداعك,positive,,,
ابداعه,positive,,,
ابدع,positive,,,
ابدعتم,positive,,,
ابدعه,positive,,,
ابدعوا,positive,,,
ابرز,positive,,,
ابطال,positive,,,
ابهجني,positive,,,
ابهى,positive,,,
اتطمن,positive,,,
اتغنى,positive,,,
اتقان,positive,,,
اتمنى,positive,,,
اثاره,positive,,,
اثبت,positive,,,
اثمر,positive,,,
اجاد,positive,,,
اجتهد,positive,,,
اجملك,positive,,,
اجملها,positive,,,
احاسيس,positive,,,
احبابنا,positive,,,
احبتي,positive,,,
احبهم,positive,,,
احترافي,positive,,,
احترام,positive,,,
احترامه,positive,,,
احترامي,positive,,,
احتفالات,positive,,,
احتفاليه,positive,,,
احتفلنا,positive,,,
احظظ,positive,,,
احلاكم,positive,,,
احياني,positive,,,
اخلاق,positive,,,
ادبهم,positive,,,
ادعموا,positive,,,
اذكى,positive,,,
اذهل,positive,,,
اذهلتم,positive,,,
اذهلتنا,positive,,,
ارتفاع,positive,,,
ارتقا,positive,,,
ارتقى,positive,,,
ارحبوا,positive,,,
ارضا,positive,,,
ارق,positive,,,
اروعك,positive,,,
اروعه,positive,,,
ازدان,positive,,,
ازدهر,positive,,,
ازرق,positive,,,
اساطير,positive,,,
استانس,positive,,,
استبسال,positive,,,
استبشر,positive,,,
استحق,positive,,,
استحقاق,positive,,,
استحواذ,positive,,,
استفاد,positive,,,
استقامه,positive,,,
استمتاع,positive,,,
استمتع,positive,,,
استمتعت,positive,,,
استمتعنا,positive,,,
استمتعوا,positive,,,
استمرو,positive,,,
اسد,positive,,,
اسطورتنا,positive,,,
اسطورته,positive,,,
اسطوره,positive,,,
اسطوري,positive,,,
اسعاد,positive,,,
اسعاده,positive,,,
اسعدت,positive,,,
اسعدتنا,positive,,,
اسعدتونا,positive,,,
اسعدتوني,positive,,,
اسعدنا,positive,,,
اسعدهم,positive,,,
اسعدونا,positive,,,
اسعدوني,positive,,,
اسوده,positive,,,
اسياد,positive,,,
اشاد,positive,,,
اشتقنا,positive,,,
اشرف,positive,,,
اشرقت,positive,,,
اصدق,positive,,,
اصرار,positive,,,
اصرارهم,positive,,,
اصقط,positive,,,
اطرب,positive,,,
اطربتنا,positive,,,
اطربني,positive,,,
اطربي,positive,,,
اطنخ,positive,,,
اطول,positive,,,
اعتزاز,positive,,,
اعجابكم,positive,,,
اعجازي,positive,,,
اعجبني,positive,,,
اعرق,positive,,,
اعشق,positive,,,
اعشقك,positive,,,
اعشقه,positive,,,
اعلى,positive,,,
اعمده,positive,,,
اغلى,positive,,,
اغناك,positive,,,
افتخارنا,positive,,,
افتخر,positive,,,
افتراس,positive,,,
افخم,positive,,,
افراحك,positive,,,
افراحكم,positive,,,
افراحنا,positive,,,
افراحه,positive,,,
افراحي,positive,,,
افرح,positive,,,
افرحتمونا,positive,,,
افرحتني,positive,,,
افرحنا,positive,,,
افضليته,positive,,,
افضليه,positive,,,
اقوى,positive,,,
اكبر,positive,,,
اكتساح,positive,,,
اكرم,positive,,,
اكمل,positive,,,
الابتسامه,positive,,,
الاثاره,positive,,,
الاجدر,positive,,,
الاحباب,positive,,,
الاحبه,positive,,,
الاحترام,positive,,,
الاحتفال,positive,,,
الاحساس,positive,,,
الاحق,positive,,,
الاحلى,positive,,,
الاخطر,positive,,,
الاخلاق,positive,,,
الارتقا,positive,,,
الاروع,positive,,,
الازرق,positive,,,
الازلي,positive,,,
الاساطير,positive,,,
الاستمرار,positive,,,
الاسد,positive,,,
الاسطوره,positive,,,
الاسطوري,positive,,,
الاسود,positive,,,
الاشاده,positive,,,
الاصرار,positive,,,
الاصل,positive,,,
الاعتزاز,positive,,,
الاعظم,positive,,,
الافتخار,positive,,,
الافراح,positive,,,
الافضليه,positive,,,
الاقوى,positive,,,
الاكثر,positive,,,
الاكمل,positive,,,
الالهام,positive,,,
الامال,positive,,,
الامام,positive,,,
الامتاع,positive,,,
الامثل,positive,,,
الامهر,positive,,,
الامواج,positive,,,
الاميز,positive,,,
الامين,positive,,,
الانتصار,positive,,,
الانتصارات,positive,,,
الانتعاش,positive,,,
الانجاز,positive,,,
الانجازات,positive,,,
الانسجام,positive,,,
الانصاف,positive,,,
الانضباط,positive,,,
الانطلاقه,positive,,,
الاهدا,positive,,,
الاهداف,positive,,,
الاهم,positive,,,
البسمه,positive,,,
البطله,positive,,,
البطولات,positive,,,
البطوله,positive,,,
البهجه,positive,,,
التالق,positive,,,
التاهل,positive,,,
التباهي,positive,,,
التتويج,positive,,,
التربع,positive,,,
التركيز,positive,,,
التصحيح,positive,,,
التصفيق,positive,,,
التعاون,positive,,,
التعويض,positive,,,
التفاول,positive,,,
التقدير,positive,,,
التكاتف,positive,,,
التنظيم,positive,,,
التهاني,positive,,,
التهنئه,positive,,,
الثريا,positive,,,
الثقه,positive,,,
الثمينه,positive,,,
الجحفله,positive,,,
الجمالي,positive,,,
الجنون,positive,,,
الجوكر,positive,,,
الجيد,positive,,,
الحاسم,positive,,,
الحافز,positive,,,
الحبيب,positive,,,
الحسن,positive,,,
الحق,positive,,,
الحكيم,positive,,,
الحلاوه,positive,,,
الحماس,positive,,,
الحماسي,positive,,,
الحماسيه,positive,,,
الخبير,positive,,,
الخورافي,positive,,,
الخياليه,positive,,,
الدعم,positive,,,
الذكيه,positive,,,
الذهب,positive,,,
الذهبي,positive,,,
الذهبيه,positive,,,
الذيب,positive,,,
الرائع,positive,,,
الراضي,positive,,,
الراقس,positive,,,
الراقي,positive,,,
الراقين,positive,,,
الراقيه,positive,,,
الرايق,positive,,,
الرجال,positive,,,
الرجوله,positive,,,
الرحمه,positive,,,
الرضا,positive,,,
الرعب,positive,,,
الرغبه,positive,,,
الرهيبه,positive,,,
الروح,positive,,,
الروعه,positive,,,
الروقان,positive,,,
الزعامه,positive,,,
الزعما,positive,,,
الزعيم,positive,,,
الزعيمات,positive,,,
الزلزال,positive,,,
الساحر,positive,,,
السباح,positive,,,
السحر,positive,,,
السحره,positive,,,
السعد,positive,,,
السعيده,positive,,,
السكري,positive,,,
السلامه,positive,,,
السلطنه,positive,,,
السليم,positive,,,
السوبر,positive,,,
الشجاعه,positive,,,
الشرف,positive,,,
الشريفه,positive,,,
الشفا,positive,,,
الشقردي,positive,,,
الشقردين,positive,,,
الشقرديه,positive,,,
الشهدا,positive,,,
الشهره,positive,,,
الشوق,positive,,,
الصادقه,positive,,,
الصاره,positive,,,
الصامد,positive,,,
الصانع,positive,,,
الصحيح,positive,,,
الصديق,positive,,,
الصمله,positive,,,
الرفيع,positive,,,
الطموح,positive,,,
الطناخه,positive,,,
الطيب,positive,,,
الطيبه,positive,,,
العاشق,positive,,,
العاشقين,positive,,,
العال,positive,,,
العالميه,positive,,,
العالي,positive,,,
العاليه,positive,,,
العداله,positive,,,
العدل,positive,,,
العريقه,positive,,,
العرين,positive,,,
العزف,positive,,,
العزم,positive,,,
العزيز,positive,,,
العزيمه,positive,,,
العشاق,positive,,,
العشق,positive,,,
العضما,positive,,,
العظما,positive,,,
العظيمه,positive,,,
العفو,positive,,,
العملاق,positive,,,
العهد,positive,,,
الغالي,positive,,,
الغالين,positive,,,
الغاليه,positive,,,
الغلا,positive,,,
الغنايم,positive,,,
الغيث,positive,,,
الفائزه,positive,,,
الفائزين,positive,,,
الفاخره,positive,,,
الفارس,positive,,,
الفايز,positive,,,
الفايزه,positive,,,
الفخامه,positive,,,
الفذ,positive,,,
الفرص,positive,,,
الفزعه,positive,,,
الفضل,positive,,,
الفن,positive,,,
الفنان,positive,,,
الفوز,positive,,,
القائد,positive,,,
القلعه,positive,,,
القلوب,positive,,,
القمه,positive,,,
القناص,positive,,,
القوه,positive,,,
القوي,positive,,,
الكابيتانو,positive,,,
الكاس,positive,,,
الكاسر,positive,,,
الكبار,positive,,,
الكبير,positive,,,
الكبيره,positive,,,
الكبيرين,positive,,,
الكجد,positive,,,
الكريمه,positive,,,
الكوس,positive,,,
اللزم,positive,,,
اللياقه,positive,,,
الليث,positive,,,
الماس,positive,,,
المايسترو,positive,,,
المبدع,positive,,,
المتصدر,positive,,,
المتصدرين,positive,,,
المتع,positive,,,
المتميز,positive,,,
المثاليه,positive,,,
المجانين,positive,,,
المجيد,positive,,,
المحبه,positive,,,
المحبين,positive,,,
المحترف,positive,,,
المحفل,positive,,,
المدح,positive,,,
المرضي,positive,,,
المرعب,positive,,,
المرموقه,positive,,,
المروقين,positive,,,
المسانده,positive,,,
المستحقه,positive,,,
المستديمه,positive,,,
المسرات,positive,,,
المشرف,positive,,,
المعالي,positive,,,
المفضل,positive,,,
المفضله,positive,,,
المقاتل,positive,,,
الملاح,positive,,,
الملكي,positive,,,
الملكيات,positive,,,
الملوك,positive,,,
الملهم,positive,,,
الممتاز,positive,,,
الممتع,positive,,,
المميز,positive,,,
المميزين,positive,,,
المنافسه,positive,,,
المنقذ,positive,,,
المهاريه,positive,,,
المهم,positive,,,
المهمه,positive,,,
الموج,positive,,,
الموسيقار,positive,,,
الموهبه,positive,,,
الموهوب,positive,,,
الموهوبين,positive,,,
الناجحه,positive,,,
الناري,positive,,,
الناموس,positive,,,
النبض,positive,,,
النجم,positive,,,
النجوم,positive,,,
النزاهه,positive,,,
النزيه,positive,,,
النشمي,positive,,,
النصر,positive,,,
النعيم,positive,,,
النور,positive,,,
الهداف,positive,,,
الهدافين,positive,,,
الهدايا,positive,,,
الهدف,positive,,,
الهدوا,positive,,,
الهديه,positive,,,
الهكر,positive,,,
ذهب,positive,,,
الهمه,positive,,,
الهوى,positive,,,
الهيام,positive,,,
الهيبه,positive,,,
الواعد,positive,,,
الوافي,positive,,,
الوحش,positive,,,
الوحيده,positive,,,
الوفاء,positive,,,
الوفي,positive,,,
الوفيه,positive,,,
الوله,positive,,,
الونس,positive,,,
امال,positive,,,
امتاع,positive,,,
امتع,positive,,,
امتعتنا,positive,,,
امتعنا,positive,,,
امتعني,positive,,,
امتعوا,positive,,,
امتعونا,positive,,,
امتياز,positive,,,
امدحوه,positive,,,
انبسط,positive,,,
انتزعوا,positive,,,
انتشى,positive,,,
انتصارا,positive,,,
انتصارات,positive,,,
انتصاراتك,positive,,,
انتصارك,positive,,,
انتصاره,positive,,,
انتصر,positive,,,
انتصرنا,positive,,,
انتما,positive,,,
انجازاتك,positive,,,
انجازاتي,positive,,,
انجازين,positive,,,
انحب,positive,,,
اندفاع,positive,,,
انسب,positive,,,
انصر,positive,,,
انضباط,positive,,,
انطلاقه,positive,,,
انقاذه,positive,,,
انقذ,positive,,,
انقذت,positive,,,
انقذتم,positive,,,
انقذو,positive,,,
انقذوا,positive,,,
انهض,positive,,,
اهتمام,positive,,,
اهدا,positive,,,
اهداف,positive,,,
اهدافهم,positive,,,
اهدى,positive,,,
اهللها,positive,,,
اهني,positive,,,
اهنيهم,positive,,,
اهيم,positive,,,
اوفيا,positive,,,
ايجاب,positive,,,
ايجابيا,positive,,,
ايجابيات,positive,,,
ايجابيته,positive,,,
ايجابيه,positive,,,
اينعت,positive,,,
احتراف,positive,,,
اخلاصكم,positive,,,
ارتياح,positive,,,
باشا,positive,,,
التشرف,positive,,,
الغرام,positive,,,
امجاده,positive,,,
بطولاتنا,positive,,,
بطوله,positive,,,
تتويجك,positive,,,
تركيز,positive,,,
تسجيل,positive,,,
ثقه,positive,,,
جداره,positive,,,
حبك,positive,,,
بختنا,positive,,,
بدر,positive,,,
بدرا,positive,,,
بدع,positive,,,
بدعو,positive,,,
ذكاء,positive,,,
ذكاه,positive,,,
رقي,positive,,,
بركان,positive,,,
بريق,positive,,,
بريقه,positive,,,
بسعده,positive,,,
بسمه,positive,,,
بشوق,positive,,,
بصمه,positive,,,
بطلا,positive,,,
بطلها,positive,,,
بطولات,positive,,,
بطولاتك,positive,,,
بطولاته,positive,,,
بطولتك,positive,,,
بطولتكم,positive,,,
بطولتنا,positive,,,
بطولته,positive,,,
بطوليه,positive,,,
بعلاجنا,positive,,,
غرامه,positive,,,
فضل,positive,,,
فضله,positive,,,
فنه,positive,,,
فنونك,positive,,,
فوز,positive,,,
فوزك,positive,,,
فوزه,positive,,,
بقوه,positive,,,
كاس,positive,,,
بلسم,positive,,,
مهاره,positive,,,
نجوميه,positive,,,
نعمته,positive,,,
نعيم,positive,,,
نفوز,positive,,,
بهالروعه,positive,,,
بهالفرحه,positive,,,
بهجه,positive,,,
هدف,positive,,,
هيبه,positive,,,
بوركت,positive,,,
بوسه,positive,,,
بيضها,positive,,,
يفلق,positive,,,
يفوز,positive,,,
تالق,positive,,,
تالقت,positive,,,
تالقه,positive,,,
تبارك,positive,,,
تباريك,positive,,,
تبلسم,positive,,,
تتباهى,positive,,,
تتجاهله,positive,,,
تتحمد,positive,,,
تتفائل,positive,,,
تتلاطم,positive,,,
تتوج,positive,,,
تتوفق,positive,,,
تتويج,positive,,,
تتويجاتك,positive,,,
تثبيت,positive,,,
تثني,positive,,,
تجمل,positive,,,
تحتفل,positive,,,
تحسن,positive,,,
تحسنت,positive,,,
تحفظه,positive,,,
تحفه,positive,,,
تحققت,positive,,,
تحقيق,positive,,,
تحلو,positive,,,
تحلى,positive,,,
تحمس,positive,,,
تحميه,positive,,,
تدللو,positive,,,
ترابط,positive,,,
ترتاح,positive,,,
ترتقي,positive,,,
ترضا,positive,,,
تريح,positive,,,
تريحون,positive,,,
تزعمت,positive,,,
تساهيل,positive,,,
تستاهل,positive,,,
تستاهلك,positive,,,
تستحق,positive,,,
تستمتع,positive,,,
تستمع,positive,,,
تسجل,positive,,,
تسجيله,positive,,,
تسر,positive,,,
تسعد,positive,,,
تسلم,positive,,,
تشجيع,positive,,,
تشرفنا,positive,,,
تشرفهم,positive,,,
تشهد,positive,,,
تصدر,positive,,,
تصدرني,positive,,,
تطمنا,positive,,,
تطيب,positive,,,
تعديل,positive,,,
تعزيزها,positive,,,
تعشق,positive,,,
تعشقه,positive,,,
تعوضونها,positive,,,
تغفر,positive,,,
تغليه,positive,,,
تغني,positive,,,
تغنيك,positive,,,
تفاخرو,positive,,,
تفاولا,positive,,,
تفتخر,positive,,,
تفخر,positive,,,
تفدى,positive,,,
تفرح,positive,,,
تفرحنا,positive,,,
تفرحون,positive,,,
تفوز,positive,,,
تفوق,positive,,,
تقدير,positive,,,
تقديرا,positive,,,
تكبر,positive,,,
تكتسح,positive,,,
تكتيك,positive,,,
تكتيكي,positive,,,
تكتيكيه,positive,,,
تكرم,positive,,,
تكريم,positive,,,
تكريمك,positive,,,
تكريمهم,positive,,,
تليق,positive,,,
تمخطر,positive,,,
تمدح,positive,,,
تمدحه,positive,,,
تميز,positive,,,
تميزو,positive,,,
تنابحون,positive,,,
تناغم,positive,,,
تنبسط,positive,,,
تنظيم,positive,,,
تهابه,positive,,,
تهديف,positive,,,
تهنئ,positive,,,
تهنى,positive,,,
توج,positive,,,
توفق,positive,,,
توفيق,positive,,,
توفيقك,positive,,,
توفيقي,positive,,,
تونست,positive,,,
ثروه,positive,,,
ثقتك,positive,,,
ثقتنا,positive,,,
ثقته,positive,,,
ثقوا,positive,,,
جايز,positive,,,
جبار,positive,,,
جدارته,positive,,,
جدير,positive,,,
جريا,positive,,,
جلال,positive,,,
جمالا,positive,,,
جمالك,positive,,,
جمالكم,positive,,,
جماله,positive,,,
جميلا,positive,,,
جنه,positive,,,
جنون,positive,,,
جنونا,positive,,,
جواد,positive,,,
جواده,positive,,,
حافظ,positive,,,
حافل,positive,,,
حامي,positive,,,
حبا,positive,,,
حبايب,positive,,,
حبايبنا,positive,,,
حببنا,positive,,,
حبنا,positive,,,
حبه,positive,,,
حبوا,positive,,,
حبي,positive,,,
حبيبي,positive,,,
حبيت,positive,,,
حبيلك,positive,,,
حبيله,positive,,,
حصد,positive,,,
حضر,positive,,,
حفظك,positive,,,
حفظه,positive,,,
حفله,positive,,,
حق,positive,,,
حقق,positive,,,
حلا,positive,,,
حلات,positive,,,
حلاتك,positive,,,
حلاته,positive,,,
حلاوتها,positive,,,
حلق,positive,,,
حماسك,positive,,,
حماسه,positive,,,
حماسي,positive,,,
حماسيه,positive,,,
حميدا,positive,,,
حنكه,positive,,,
حي,positive,,,
حيا,positive,,,
حياه,positive,,,
حيو,positive,,,
حيي,positive,,,
خارق,positive,,,
خطر,positive,,,
خطير,positive,,,
خطيره,positive,,,
خفوقي,positive,,,
خورافي,positive,,,
خورافيه,positive,,,
خوش,positive,,,
خياليه,positive,,,
خيرك,positive,,,
دافع,positive,,,
داهيه,positive,,,
دسمه,positive,,,
دعمكم,positive,,,
دعمها,positive,,,
دقه,positive,,,
دوا,positive,,,
ذمه,positive,,,
ذهبا,positive,,,
ذهبيه,positive,,,
ذواقه,positive,,,
ذوق,positive,,,
ذيبان,positive,,,
راضاني,positive,,,
راضيه,positive,,,
راعي,positive,,,
راق,positive,,,
راقي,positive,,,
رايق,positive,,,
ربحنا,positive,,,
رجال,positive,,,
رجالها,positive,,,
رجل,positive,,,
رحمك,positive,,,
رضا,positive,,,
رضيت,positive,,,
رمز,positive,,,
روح,positive,,,
روعتك,positive,,,
روعته,positive,,,
روعتها,positive,,,
روقان,positive,,,
روقانك,positive,,,
رونق,positive,,,
زانت,positive,,,
زاهي,positive,,,
زبطوه,positive,,,
زعامته,positive,,,
زعامه,positive,,,
زعما,positive,,,
زعماء,positive,,,
زعيم,positive,,,
زعيمي,positive,,,
زينه,positive,,,
زينهم,positive,,,
ساحقه,positive,,,
ازهوا,positive,,,
ساطع,positive,,,
ساعد,positive,,,
سالمين,positive,,,
سامحكم,positive,,,
ساندوا,positive,,,
سترك,positive,,,
سجل,positive,,,
سجلها,positive,,,
سحر,positive,,,
سحق,positive,,,
سرور,positive,,,
سطوع,positive,,,
سطوعا,positive,,,
سعدت,positive,,,
سعدنا,positive,,,
سعدها,positive,,,
سعدي,positive,,,
سلامتكم,positive,,,
سلم,positive,,,
سليم,positive,,,
سند,positive,,,
سندا,positive,,,
سهل,positive,,,
يبهر,positive,,,
سيد,positive,,,
سيدهم,positive,,,
شامخا,positive,,,
شجاع,positive,,,
شجاعه,positive,,,
شرف,positive,,,
شرفتنا,positive,,,
شرفتونا,positive,,,
شرفنا,positive,,,
شرفوني,positive,,,
شريف,positive,,,
شعبيه,positive,,,
شغف,positive,,,
شقردي,positive,,,
شقرديه,positive,,,
شموخ,positive,,,
شنب,positive,,,
شهالجمال,positive,,,
شهالزين,positive,,,
شهدا,positive,,,
شوق,positive,,,
شيقا,positive,,,
شيقه,positive,,,
صاروخي,positive,,,
صالح,positive,,,
صامدا,positive,,,
صبر,positive,,,
صح,positive,,,
صححوا,positive,,,
صحه,positive,,,
صدارته,positive,,,
صدقت,positive,,,
صعبه,positive,,,
ضبطها,positive,,,
ضحك,positive,,,
ضحكت,positive,,,
ضمير,positive,,,
طرب,positive,,,
طمنا,positive,,,
طموحه,positive,,,
طناخه,positive,,,
ظفر,positive,,,
عاجبكم,positive,,,
عاجبنى,positive,,,
عاجبني,positive,,,
عادلين,positive,,,
عاشت,positive,,,
عاشق,positive,,,
عاشقين,positive,,,
عاشقينك,positive,,,
عاشقينه,positive,,,
عال,positive,,,
عالمي,positive,,,
عالميين,positive,,,
عالي,positive,,,
عاليا,positive,,,
عاليه,positive,,,
عانقوا,positive,,,
عجبني,positive,,,
عجبه,positive,,,
عراقه,positive,,,
عرش,positive,,,
عرشها,positive,,,
عريس,positive,,,
عريق,positive,,,
عرين,positive,,,
عزف,positive,,,
عزنا,positive,,,
عشاقك,positive,,,
عشاقه,positive,,,
عشق,positive,,,
عشقا,positive,,,
عشقت,positive,,,
عشقتك,positive,,,
عشقك,positive,,,
عشقنا,positive,,,
عشقناك,positive,,,
عشقناه,positive,,,
عشقي,positive,,,
عصري,positive,,,
عطا,positive,,,
عظمه,positive,,,
عظيما,positive,,,
عقبال,positive,,,
عقباله,positive,,,
عقيدنا,positive,,,
عمري,positive,,,
عنيد,positive,,,
عوافئ,positive,,,
عوافي,positive,,,
عوضا,positive,,,
عوضه,positive,,,
عونا,positive,,,
غالب,positive,,,
غامر,positive,,,
غانمه,positive,,,
غلاك,positive,,,
غلاه,positive,,,
غنى,positive,,,
فائزين,positive,,,
فابدع,positive,,,
فاتنه,positive,,,
فاخر,positive,,,
فاخره,positive,,,
فاد,positive,,,
فارس,positive,,,
فارسك,positive,,,
فاز,positive,,,
فازت,positive,,,
فازو,positive,,,
فازوا,positive,,,
فاعليه,positive,,,
فاقو,positive,,,
فالخير,positive,,,
فالشغف,positive,,,
فالقمه,positive,,,
فالك,positive,,,
فالكم,positive,,,
فالنا,positive,,,
فالهم,positive,,,
فايز,positive,,,
فايزه,positive,,,
فايزين,positive,,,
فتنه,positive,,,
فخامه,positive,,,
فخرك,positive,,,
فخرنا,positive,,,
فخرها,positive,,,
فخري,positive,,,
فداكم,positive,,,
فداهم,positive,,,
فديتك,positive,,,
فرحان,positive,,,
فرحتب,positive,,,
فرحتك,positive,,,
فرحتهم,positive,,,
فرحتونا,positive,,,
فرحتي,positive,,,
فرحنا,positive,,,
فزت,positive,,,
فزتم,positive,,,
فزنا,positive,,,
فسينتصر,positive,,,
فضلك,positive,,,
فطره,positive,,,
فنان,positive,,,
فنانه,positive,,,
فنانين,positive,,,
فنك,positive,,,
فنونه,positive,,,
فنيه,positive,,,
فهدف,positive,,,
فوزا,positive,,,
فوزكم,positive,,,
فوزهم,positive,,,
فوزوا,positive,,,
فوق,positive,,,
قائد,positive,,,
قبلاتي,positive,,,
قبله,positive,,,
قتاليه,positive,,,
قدها,positive,,,
قذيفه,positive,,,
قلب,positive,,,
قلبك,positive,,,
قلوبنا,positive,,,
قمرين,positive,,,
قمه,positive,,,
قوته,positive,,,
قوز,positive,,,
قول,positive,,,
قوه,positive,,,
قويه,positive,,,
قياسي,positive,,,
قياسيه,positive,,,
كالبدر,positive,,,
كالكبار,positive,,,
كبار,positive,,,
كبيرا,positive,,,
كبيره,positive,,,
كبيرها,positive,,,
كبيرين,positive,,,
كجمال,positive,,,
كرام,positive,,,
كرم,positive,,,
كرمك,positive,,,
كسب,positive,,,
كسبناها,positive,,,
كسبه,positive,,,
كعشاق,positive,,,
كفيتوا,positive,,,
كنز,positive,,,
لاحبتي,positive,,,
لاحلى,positive,,,
لاسدش,positive,,,
لافضل,positive,,,
لايق,positive,,,
لبا,positive,,,
لبطولته,positive,,,
لبطوله,positive,,,
لبىا,positive,,,
لبي,positive,,,
لتالق,positive,,,
لتميز,positive,,,
لجلد,positive,,,
لجمالها,positive,,,
لحبنا,positive,,,
لحلاوه,positive,,,
لدعم,positive,,,
لذيذ,positive,,,
لزعيم,positive,,,
لزفه,positive,,,
لشقرديه,positive,,,
لصداره,positive,,,
لعشاق,positive,,,
لعشاقك,positive,,,
لعشاقه,positive,,,
لعيب,positive,,,
لفخر,positive,,,
لقائدنا,positive,,,
للابطال,positive,,,
للاحبه,positive,,,
للاحتفال,positive,,,
للاحسن,positive,,,
للاخوان,positive,,,
للاشقا,positive,,,
للاصدقا,positive,,,
للامل,positive,,,
للانتصارات,positive,,,
للبطل,positive,,,
للبطولات,positive,,,
للبطوله,positive,,,
للتسجيل,positive,,,
للتفاول,positive,,,
للتوفيق,positive,,,
للجار,positive,,,
للجمال,positive,,,
للحب,positive,,,
للذهب,positive,,,
للراقي,positive,,,
للراقين,positive,,,
للزعما,positive,,,
للزعيم,positive,,,
للسعاده,positive,,,
للشقرديه,positive,,,
للطموح,positive,,,
للعاشق,positive,,,
للعشاق,positive,,,
للعشق,positive,,,
للفائز,positive,,,
للفائزه,positive,,,
للفائزين,positive,,,
للفخر,positive,,,
للفرح,positive,,,
للفن,positive,,,
للفوز,positive,,,
للقمه,positive,,,
للكبير,positive,,,
للكوس,positive,,,
للمبدع,positive,,,
للمتعه,positive,,,
للمجد,positive,,,
للملكي,positive,,,
للملوك,positive,,,
للموده,positive,,,
للنجم,positive,,,
للهدر,positive,,,
للهدرك,positive,,,
للهدف,positive,,,
للهكر,positive,,,
لمحبي,positive,,,
لمعشوقه,positive,,,
لملكي,positive,,,
لنجاح,positive,,,
لنجوم,positive,,,
لنجومنا,positive,,,
لنجومه,positive,,,
لهدف,positive,,,
لياقه,positive,,,
ليبدع,positive,,,
ماهر,positive,,,
مايسترو,positive,,,
مجنونه,positive,,,
مبتسم,positive,,,
مبتسمه,positive,,,
مبدع,positive,,,
مبدعين,positive,,,
مبرك,positive,,,
مبركات,positive,,,
مبروكات,positive,,,
مبروكين,positive,,,
مبسوطه,positive,,,
مبهر,positive,,,
متالق,positive,,,
متحمسين,positive,,,
متصدرا,positive,,,
متطور,positive,,,
متع,positive,,,
متعت,positive,,,
متعتكم,positive,,,
متعته,positive,,,
متعتها,positive,,,
متعتوا,positive,,,
متعني,positive,,,
متفائله,positive,,,
متفائلين,positive,,,
متفالين,positive,,,
متقدم,positive,,,
متميز,positive,,,
متميزين,positive,,,
متواضع,positive,,,
متوج,positive,,,
متوجا,positive,,,
متوهجا,positive,,,
متيم,positive,,,
متيمين,positive,,,
مثالي,positive,,,
مثاليا,positive,,,
مثقف,positive,,,
مثير,positive,,,
مثيره,positive,,,
مجتهد,positive,,,
مجد,positive,,,
مجده,positive,,,
مجنون,positive,,,
مجهود,positive,,,
مجهوده,positive,,,
محارب,positive,,,
محال,positive,,,
محب,positive,,,
محبتنا,positive,,,
محبتي,positive,,,
محبكم,positive,,,
محبوبين,positive,,,
محبي,positive,,,
محبيك,positive,,,
محبين,positive,,,
محبيه,positive,,,
محترف,positive,,,
محترفين,positive,,,
محترم,positive,,,
محترمو,positive,,,
محروس,positive,,,
محظوظ,positive,,,
محلى,positive,,,
محنك,positive,,,
مخلصين,positive,,,
مدحك,positive,,,
مذهل,positive,,,
مذهله,positive,,,
مرتاحه,positive,,,
مرجله,positive,,,
مرحب,positive,,,
مرحبا,positive,,,
مرضي,positive,,,
مرعب,positive,,,
مروق,positive,,,
مروقين,positive,,,
مسانده,positive,,,
مستحق,positive,,,
مستمتعين,positive,,,
مشتاق,positive,,,
مشجع,positive,,,
مشرف,positive,,,
مشرفين,positive,,,
مشكور,positive,,,
مطربني,positive,,,
معانقته,positive,,,
معبره,positive,,,
معجب,positive,,,
معجبينه,positive,,,
معشوقته,positive,,,
معشوقنا,positive,,,
معشوقه,positive,,,
معشوقي,positive,,,
معلم,positive,,,
مغايره,positive,,,
مفاتن,positive,,,
مفخر,positive,,,
مفخره,positive,,,
مقاتل,positive,,,
مكاسبه,positive,,,
مكتسبات,positive,,,
مكتسح,positive,,,
ملك,positive,,,
ملكي,positive,,,
ملكيه,positive,,,
ملوك,positive,,,
ممتازا,positive,,,
ممتازين,positive,,,
ممتع,positive,,,
ممتعين,positive,,,
مميزين,positive,,,
منتشي,positive,,,
منتصر,positive,,,
منتصرا,positive,,,
منصورين,positive,,,
منظم,positive,,,
منقلب,positive,,,
منى,positive,,,
مهارات,positive,,,
مهاري,positive,,,
مهجد,positive,,,
مهم,positive,,,
موثر,positive,,,
موجه,positive,,,
موسوعه,positive,,,
موسيقار,positive,,,
مولع,positive,,,
موهبه,positive,,,
ميزات,positive,,,
ناصعه,positive,,,
نتباهى,positive,,,
نتقبل,positive,,,
نتوجها,positive,,,
نثني,positive,,,
نجا,positive,,,
نجح,positive,,,
نجحت,positive,,,
نجم,positive,,,
نجما,positive,,,
نجمها,positive,,,
نجوم,positive,,,
نجوما,positive,,,
نجومكم,positive,,,
نجومنا,positive,,,
نجومه,positive,,,
نجومهم,positive,,,
نجوميته,positive,,,
نجونا,positive,,,
نحب,positive,,,
نحفز,positive,,,
ندعمه,positive,,,
نزاهه,positive,,,
نزيه,positive,,,
نشكره,positive,,,
نصر,positive,,,
نصركم,positive,,,
نصرنا,positive,,,
نصيب,positive,,,
نضيف,positive,,,
نظيفه,positive,,,
نعشق,positive,,,
نعشقه,positive,,,
نعيما,positive,,,
نفدا,positive,,,
نفرحهم,positive,,,
نمدحه,positive,,,
نهدي,positive,,,
نهديكم,positive,,,
نهديه,positive,,,
نهنئكم,positive,,,
نورت,positive,,,
هاتريك,positive,,,
هالابتسامه,positive,,,
هالفرحه,positive,,,
هالنعمه,positive,,,
هامات,positive,,,
هتركهم,positive,,,
هداف,positive,,,
هدفه,positive,,,
هدفين,positive,,,
هدوا,positive,,,
هديه,positive,,,
هزم,positive,,,
هزمنا,positive,,,
هكر,positive,,,
هلا,positive,,,
هلال,positive,,,
هلالنا,positive,,,
همه,positive,,,
هواه,positive,,,
هوايه,positive,,,
هوى,positive,,,
هيام,positive,,,
هيبتك,positive,,,
هيبته,positive,,,
وافي,positive,,,
وحش,positive,,,
ود,positive,,,
ورد,positive,,,
وسام,positive,,,
وسعت,positive,,,
وطني,positive,,,
وطنيه,positive,,,
وفي,positive,,,
وفيتوا,positive,,,
ولبى,positive,,,
ولع,positive,,,
ونعم,positive,,,
وهج,positive,,,
يباركون,positive,,,
يبدع,positive,,,
يبدعون,positive,,,
يبرد,positive,,,
يبرز,positive,,,
يبشر,positive,,,
يبهرك,positive,,,
يبهرنا,positive,,,
يتالق,positive,,,
يتاهل,positive,,,
يتباهى,positive,,,
يتجرا,positive,,,
يتجلى,positive,,,
يتصدر,positive,,,
يتصدى,positive,,,
يتغنى,positive,,,
يتفاخر,positive,,,
يتفننون,positive,,,
يتفوق,positive,,,
يتقدم,positive,,,
يتقن,positive,,,
يتمم,positive,,,
يتميز,positive,,,
يتنزه,positive,,,
يتوج,positive,,,
يتوجها,positive,,,
يثبت,positive,,,
يثني,positive,,,
يجمل,positive,,,
يجيد,positive,,,
يحبه,positive,,,
يحبون,positive,,,
يحبي,positive,,,
يحترم,positive,,,
يحترمني,positive,,,
يحتفل,positive,,,
يحتفي,positive,,,
يحضك,positive,,,
يحظ,positive,,,
يحلا,positive,,,
يحلق,positive,,,
يحلى,positive,,,
يحمسون,positive,,,
يحميك,positive,,,
يحميه,positive,,,
يحميهم,positive,,,
يحيي,positive,,,
يحييك,positive,,,
يخلص,positive,,,
يخليلي,positive,,,
يدافع,positive,,,
يدبك,positive,,,
يدعم,positive,,,
يدك,positive,,,
يديمك,positive,,,
يرحب,positive,,,
يرحمك,positive,,,
يرزقنا,positive,,,
يرزك,positive,,,
يرضينا,positive,,,
يرعب,positive,,,
يروق,positive,,,
يزف,positive,,,
يزين,positive,,,
يستاهلو,positive,,,
يستحقه,positive,,,
يستر,positive,,,
يسجل,positive,,,
يسحق,positive,,,
يسر,positive,,,
يسعد,positive,,,
يسعدلي,positive,,,
يسعدنا,positive,,,
يسعدني,positive,,,
يسعده,positive,,,
يسعدهم,positive,,,
يسلم,positive,,,
يسنعك,positive,,,
يشفي,positive,,,
يضرب,positive,,,
يطربك,positive,,,
يطمن,positive,,,
يطمنك,positive,,,
يطيب,positive,,,
يعافيك,positive,,,
يعدل,positive,,,
يعزف,positive,,,
يعشق,positive,,,
يعشقون,positive,,,
يعوضها,positive,,,
يغلى,positive,,,
يفتخر,positive,,,
يفخر,positive,,,
يفرح,positive,,,
يفرحك,positive,,,
يفرحكم,positive,,,
يفرحنا,positive,,,
يفرق,positive,,,
يفوزون,positive,,,
يقارع,positive,,,
يقدر,positive,,,
يقهوي,positive,,,
يقويه,positive,,,
يكتسح,positive,,,
يكتمل,positive,,,
يكرم,positive,,,
يلتهم,positive,,,
يلمع,positive,,,
يمتاز,positive,,,
يمتع,positive,,,
يمتعك,positive,,,
يمتعنا,positive,,,
يمزق,positive,,,
يميز,positive,,,
ينافس,positive,,,
ينافسون,positive,,,
ينتصر,positive,,,
ينجو,positive,,,
ينحب,positive,,,
ينصر,positive,,,
ينعش,positive,,,
ينعشك,positive,,,
ينقذ,positive,,,
ينير,positive,,,
يهتدي,positive,,,
يهتم,positive,,,
يهدونك,positive,,,
يهدي,positive,,,
يهوى,positive,,,
يوفي,positive,,,
يسانده,positive,,,
يساندون,positive,,,
OK,positive,,,
اتحداكم,positive,,,
احترمت,positive,,,
احسنت,positive,,,
احول,positive,,,
احيي,positive,,,
اريحيه,positive,,,
استمروا,positive,,,
استمري,positive,,,
اشكركم,positive,,,
اصابت,positive,,,
اضخم,positive,,,
اطهر,positive,,,
اعظمها,positive,,,
اكثر,positive,,,
الاعتذار,positive,,,
الذكي,positive,,,
الذيابه,positive,,,
الرائده,positive,,,
السرعه,positive,,,
السريع,positive,,,
الشامخ,positive,,,
العوض,positive,,,
الفل,positive,,,
القديره,positive,,,
اللوز,positive,,,
المثال,positive,,,
المصداقيه,positive,,,
اندمجت,positive,,,
اهنيكم,positive,,,
اوجعت,positive,,,
اوجعتهم,positive,,,
بالفخر,positive,,,
بتضبط,positive,,,
بحب,positive,,,
بحبك,positive,,,
بحبكن,positive,,,
بنجاح,positive,,,
تبدع,positive,,,
تحارب,positive,,,
تحبون,positive,,,
ترفع,positive,,,
تشكر,positive,,,
تعاونكم,positive,,,
تعزف,positive,,,
تفضل,positive,,,
تنافسون,positive,,,
تنبض,positive,,,
تنحل,positive,,,
توحيد,positive,,,
توفر,positive,,,
حابين,positive,,,
حسن,positive,,,
حلت,positive,,,
حلوين,positive,,,
حياديه,positive,,,
ذهبي,positive,,,
رائده,positive,,,
راقيه,positive,,,
ريح,positive,,,
زاد,positive,,,
زوين,positive,,,
زياده,positive,,,
سرعات,positive,,,
سريع,positive,,,
سلطت,positive,,,
شطرا,positive,,,
شغال,positive,,,
شفافيه,positive,,,
شهاداتك,positive,,,
صادقين,positive,,,
صاروخيه,positive,,,
صريحه,positive,,,
ضحكتها,positive,,,
طاهر,positive,,,
طلعت,positive,,,
طياره,positive,,,
عرض,positive,,,
عرفت,positive,,,
عفويتها,positive,,,
فاضي,positive,,,
فرقت,positive,,,
فل,positive,,,
قيمتك,positive,,,
قيمه,positive,,,
كثير,positive,,,
كشف,positive,,,
كشفت,positive,,,
كشفتكم,positive,,,
كشفها,positive,,,
كويسين,positive,,,
لعيونكم,positive,,,
مؤثر,positive,,,
مستانسه,positive,,,
مشكورين,positive,,,
مصداقيه,positive,,,
معقول,positive,,,
مميزه,positive,,,
منشكر,positive,,,
منوره,positive,,,
ناجح,positive,,,
ناجحه,positive,,,
نبيل,positive,,,
نحبكن,positive,,,
يخليكم,positive,,,
يرفع,positive,,,
يميزه,positive,,,
ابتسامتك,positive,,,
ابتهاجا,positive,,,
ابطالها,positive,,,
اثلج,positive,,,
اثنى,positive,,,
احببنا,positive,,,
احببناه,positive,,,
احتراما,positive,,,
احتفال,positive,,,
احفظهم,positive,,,
احمي,positive,,,
ادب,positive,,,
ارحمهم,positive,,,
ارقى,positive,,,
ازدهرت,positive,,,
استبشري,positive,,,
استشهاد,positive,,,
استشهاده,positive,,,
استشهد,positive,,,
اشاوس,positive,,,
اطمئني,positive,,,
اطيب,positive,,,
اعز,positive,,,
اعزنا,positive,,,
اعزه,positive,,,
افدي,positive,,,
افذ,positive,,,
افرحي,positive,,,
اقبل,positive,,,
الاخلاص,positive,,,
الاصاله,positive,,,
الاغاثه,positive,,,
الامجاد,positive,,,
الانسانيه,positive,,,
الايمان,positive,,,
البشائر,positive,,,
البلسم,positive,,,
البنا,positive,,,
البناء,positive,,,
البواسل,positive,,,
التبريكات,positive,,,
التحيه,positive,,,
التضامن,positive,,,
التطوير,positive,,,
التعاطف,positive,,,
التنميه,positive,,,
التنوير,positive,,,
الجليل,positive,,,
الجنه,positive,,,
الحريه,positive,,,
الداعم,positive,,,
الرحيم,positive,,,
الزاكيه,positive,,,
السلميه,positive,,,
الشهاده,positive,,,
الشهداء,positive,,,
الشهيد,positive,,,
الصابرون,positive,,,
الصالح,positive,,,
الصالحين,positive,,,
الصامدون,positive,,,
الصبر,positive,,,
الصمود,positive,,,
الطف,positive,,,
العروبه,positive,,,
العزه,positive,,,
العطاء,positive,,,
العطره,positive,,,
العظمى,positive,,,
العقل,positive,,,
الغفور,positive,,,
الفذه,positive,,,
الفرج,positive,,,
الفردوس,positive,,,
الفضيله,positive,,,
القيود,positive,,,
الكرامه,positive,,,
المتضامنه,positive,,,
المجاهد,positive,,,
المجاهدون,positive,,,
المجددين,positive,,,
المخلص,positive,,,
المدعوم,positive,,,
المرح,positive,,,
المشرفه,positive,,,
المضيئه,positive,,,
المقدس,positive,,,
النصير,positive,,,
الواجب,positive,,,
امانه,positive,,,
امير,positive,,,
انجازات,positive,,,
انصار,positive,,,
انصرت,positive,,,
انصره,positive,,,
انصرهم,positive,,,
انقذها,positive,,,
ايدتها,positive,,,
بالايجابيه,positive,,,
بالحق,positive,,,
بالخير,positive,,,
بالشهاده,positive,,,
بالنصر,positive,,,
بانتصارات,positive,,,
بحفاوه,positive,,,
بدعم,positive,,,
برئ,positive,,,
بعزه,positive,,,
بنصرك,positive,,,
بنعم,positive,,,
بوسام,positive,,,
تبرئ,positive,,,
تبرئه,positive,,,
تتحرر,positive,,,
تتضامن,positive,,,
تتقدم,positive,,,
تحبه,positive,,,
تحرر,positive,,,
تحفظها,positive,,,
تزف,positive,,,
تشتاق,positive,,,
تشتاقله,positive,,,
تشرفت,positive,,,
تصدى,positive,,,
تضامن,positive,,,
تضامنا,positive,,,
تضامنت,positive,,,
تضامنكم,positive,,,
تطهر,positive,,,
تطهير,positive,,,
تفرج,positive,,,
تكريما,positive,,,
تنتصر,positive,,,
تنصر,positive,,,
ثبتهم,positive,,,
ثقل,positive,,,
جنات,positive,,,
حرا,positive,,,
حكمته,positive,,,
حليفكم,positive,,,
حماه,positive,,,
حمايه,positive,,,
حنون,positive,,,
ذخر,positive,,,
رحمته,positive,,,
رخا,positive,,,
رزينه,positive,,,
رضاك,positive,,,
رعاك,positive,,,
رفع,positive,,,
سعادته,positive,,,
سعدا,positive,,,
سلام,positive,,,
سينتصر,positive,,,
شجاعته,positive,,,
شرفت,positive,,,
شعله,positive,,,
شهادته,positive,,,
شهامه,positive,,,
شهدائنا,positive,,,
شهيد,positive,,,
شهيدا,positive,,,
صامدين,positive,,,
صبرا,positive,,,
صمودنا,positive,,,
صواب,positive,,,
طهرنا,positive,,,
طوبى,positive,,,
عزه,positive,,,
عزيز,positive,,,
عزيزا,positive,,,
عشت,positive,,,
عظمته,positive,,,
عظمتهم,positive,,,
عوضهم,positive,,,
فانتصر,positive,,,
فرج,positive,,,
فرجا,positive,,,
قائدنا,positive,,,
قواهم,positive,,,
قياديه,positive,,,
كرامتنا,positive,,,
لابطال,positive,,,
لبيك,positive,,,
لتطوير,positive,,,
لحمايه,positive,,,
لسلام,positive,,,
للخب,positive,,,
للشهيد,positive,,,
للفخامه,positive,,,
للمبدعه,positive,,,
للوفاء,positive,,,
لنتحد,positive,,,
لنصرت,positive,,,
لنصره,positive,,,
متضامن,positive,,,
متضامنه,positive,,,
متوازنه,positive,,,
مجاهد,positive,,,
محاسن,positive,,,
محبوبتي,positive,,,
مخلص,positive,,,
مدحه,positive,,,
مستبشرا,positive,,,
منعم,positive,,,
ميزه,positive,,,
ناصر,positive,,,
ناصركم,positive,,,
نبيله,positive,,,
نحمد,positive,,,
نحييكم,positive,,,
ندعوا,positive,,,
نشاما,positive,,,
نشامه,positive,,,
نشكو,positive,,,
نصرا,positive,,,
نصره,positive,,,
نضالا,positive,,,
نفدي,positive,,,
نقا,positive,,,
نقاء,positive,,,
نقتخر,positive,,,
نقيه,positive,,,
ننصر,positive,,,
هنئا,positive,,,
هنيا,positive,,,
واثق,positive,,,
اجلال,positive,,,
احفظه,positive,,,
ارزق,positive,,,
اغفر,positive,,,
السخا,positive,,,
ترضاه,positive,,,
رعاكم,positive,,,
رعاه,positive,,,
رفاهيه,positive,,,
سلاما,positive,,,
طهر,positive,,,
عزا,positive,,,
عزتها,positive,,,
عزمها,positive,,,
عزوتنا,positive,,,
وفقكم,positive,,,
وفقنا,positive,,,
وفيه,positive,,,
قدوتنا,positive,,,
كرامتها,positive,,,
مغفرته,positive,,,
نؤيد,positive,,,
وفقه,positive,,,
يحفظنا,positive,,,
يحفظهم,positive,,,
يرحم,positive,,,
يرضاه,positive,,,
يرعاه,positive,,,
يعزه,positive,,,
ينصره,positive,,,
ينصرهم,positive,,,
يبرا,positive,,,
يبشركم,positive,,,
يحتفلون,positive,,,
يحفظها,positive,,,
يرحمه,positive,,,
يرزقون,positive,,,
يسامحنا,positive,,,
يشرف,positive,,,
يغفر,positive,,,
يغنمون,positive,,,
يقوي,positive,,,
يقويهم,positive,,,
يشكرونها,positive,,,
احب,positive,,,
احترام,positive,,,
افضل,positive,,,
الحلوين,positive,,,
الحماس,positive,,,
الحمدلله,positive,,,
السعاده,positive,,,
حلو,positive,,,
ساره,positive,,,
شكرا,positive,,,
فرحه,positive,,,
مباركه,positive,,,
مبروك,positive,,,
مزز,positive,,,
يشكر,positive,,,
الفوز,positive,,,
يعشقون,positive,,,
عاجبتني,positive,,,
يفوز,positive,,,
يفوزون,positive,,,
سكر,positive,,,
تحسين,positive,,,
تعاون,positive,,,
حظ,positive,,,
فاز,positive,,,
فوز,positive,,,
نستانس,positive,,,
اتفق,positive,,,
احترام,positive,,,
اصدق,positive,,,
اصدقائي,positive,,,
اشتقت,positive,,,
اسلامي,positive,,,
ارقصوا,positive,,,
احدث,positive,,,
اجره,positive,,,
اتمنى,positive,,,
اهلا,positive,,,
حل,positive,,,
رعاك,positive,,,
رقصه,positive,,,
لعيونك,positive,,,
نفتحر,positive,,,
يس,positive,,,
ارقص,positive,,,
اصدقائي,positive,,,
الفوز,positive,,,
لاخواننا,positive,,,
لاصدقائي,positive,,,
من القلب,positive,,,
مبارك,positive,,,
ترى النور,positive,,,
اخوانهم,positive,,,
فردوسه,positive,,,
الصميم,positive,,,
ميروك,positive,,,
نبضا,positive,,,
مهرجان,positive,,,
ممتاز,positive,,,
لعيون,positive,,,
فوز,positive,,,
دعواتكم,positive,,,
اهلا,positive,,,