"V1","V2"
"ابن سلول","negative"
"ابوالرعب","negative"
"ابوفكر","negative"
"ابولهب","negative"
"احسن الله عزائكم","negative"
"ازفت من الزفت","negative"
"ازماتنا لا تنتهي","negative"
"اشق هدومي","negative"
"اعاده اللحق","negative"
"اعوذ بالله","negative"
"اكل تبن","negative"
"الغلا الفاحش","negative"
"اللا مبالاه","negative"
"اللا منطقيه","negative"
"اللحم العاري","negative"
"الله المستعان","negative"
"الله حسيبهم","negative"
"الله فوق","negative"
"الله لا يبارك","negative"
"الله لا يثمر","negative"
"الله لا يوفقك","negative"
"الله لا يوفقكم","negative"
"الله ياخذكم","negative"
"الله ياخذهم","negative"
"الله يخلف","negative"
"الله يرحم","negative"
"الله يستر","negative"
"الله يسترنا بستره","negative"
"الله يسلط","negative"
"الله يعكر","negative"
"الله يعوضنا","negative"
"الله يعين","negative"
"الله يعينا","negative"
"الله يعينكم","negative"
"الله يعينهم","negative"
"الله يقلعك","negative"
"الله يقلعها","negative"
"الله يكفينا","negative"
"ام ركب سودا","negative"
"بلا دلاعه","negative"
"تخلخلت حنوكتس","negative"
"تسد النفس","negative"
"تكرم عنها","negative"
"حامت كبودنا","negative"
"حرق اعصاب","negative"
"حسبي الله عليك","negative"
"حسبي الله ونعم الوكيل","negative"
"رحنا فيها","negative"
"رايح فيها","negative"
"زياده اسعار","negative"
"سود الله وجهك","negative"
"شنو هالدلع","negative"
"طرش بحر","negative"
"عدم السماح","negative"
"عدم المعرفه","negative"
"عدم تعليق","negative"
"على شحم","negative"
"غير حضاري","negative"
"غير حضاريه","negative"
"غير سالك","negative"
"غير صحيح","negative"
"غير لائقه","negative"
"غير مريح","negative"
"غير مستعده","negative"
"غير مطمئن","negative"
"غير مقبول","negative"
"غير مناسب","negative"
"غير منتجه","negative"
"غير منطقي","negative"
"غير منطقيه","negative"
"غير مهتمه","negative"
"فوا اسفاه","negative"
"قله ادب","negative"
"قله الحيا","negative"
"قليل ادب","negative"
"قليل الادب","negative"
"كفر النعم","negative"
"لا اؤيد","negative"
"لا ارحب","negative"
"لا بارك","negative"
"لا تؤاخذنا","negative"
"لا تبشر","negative"
"لا تبلانا","negative"
"لا تتفائلوا","negative"
"لا تثير","negative"
"لا تحطون","negative"
"لا تخدم","negative"
"لا تخرب","negative"
"لا ترفعون","negative"
"لا تزال","negative"
"لا تشغلنا","negative"
"لا تصلح","negative"
"لا تطالبون","negative"
"لا تعشمون","negative"
"لا تعلقون","negative"
"لا تعلقونها","negative"
"لا تعليق","negative"
"لا تفرحوا","negative"
"لا تلوم","negative"
"لا تمثل","negative"
"لا توافقون","negative"
"لا جدوى","negative"
"لا حول ولا قوه","negative"
"لا خير","negative"
"لا داعي","negative"
"لا ذنب","negative"
"لا راح","negative"
"لاستفزاز الناس","negative"
"لا شرف","negative"
"لاشوف","negative"
"لا عقل","negative"
"لا فلحتو","negative"
"لا قيمه","negative"
"لا لمقلوب","negative"
"لا نؤيد","negative"
"لا نبي","negative"
"لا نتمنى","negative"
"لا نحتاج","negative"
"لا نريد","negative"
"لا نستفيد","negative"
"لانهاك","negative"
"لايبلانا","negative"
"لا يبيحكم","negative"
"لا يتحمسون","negative"
"لا يتحمل","negative"
"لا يجتمع","negative"
"لا يجوز","negative"
"لا يجيب","negative"
"لا يجيبه","negative"
"لا يحتاج","negative"
"لا يحطون","negative"
"لا يحقق","negative"
"لا يحيهم","negative"
"لا يخدم","negative"
"لا يخضع","negative"
"لا يذهب","negative"
"لا يرضون","negative"
"لا يزال","negative"
"لا يستحق","negative"
"لا يسمع","negative"
"لا يشرف","negative"
"لا يشغلنا","negative"
"لا يشكر","negative"
"لا يعاقبنا","negative"
"لا يعطيه","negative"
"لا يفتنا","negative"
"لا يقدر","negative"
"لا يقوله","negative"
"لا يكثر","negative"
"لا يكفي","negative"
"لا يليق","negative"
"لا يمكن","negative"
"لا يمكنه","negative"
"لا ينظر","negative"
"لا يوجد","negative"
"لعبه بزران","negative"
"لن تتحقق","negative"
"لن تطبق","negative"
"لن نرضى","negative"
"لن يبني","negative"
"لن يتم","negative"
"لن يحصل","negative"
"لن يحل","negative"
"لن يدفعوا","negative"
"لن يستفيد","negative"
"لن يسكت","negative"
"لن يسمح","negative"
"لن يفلح","negative"
"لن يوافق","negative"
"ليش فرحانين","negative"
"ليه تعلقون","negative"
"ما احب","negative"
"ما احفز","negative"
"ما احللهم","negative"
"ما استفاد","negative"
"ما استفدنا","negative"
"ما اشوف","negative"
"ما اوسخكم","negative"
"ما بعدكم","negative"
"ما بنروح","negative"
"مابي تعليق","negative"
"ما تبلبلون","negative"
"ما تتطور","negative"
"ما تتيسر","negative"
"ما تجمل","negative"
"ما تجي","negative"
"ما تجينا","negative"
"ما تحسون","negative"
"ما تستحون","negative"
"ما تشمون","negative"
"ما تطمن","negative"
"ما تعلق","negative"
"ما تفتح","negative"
"ما تلحقكم","negative"
"ما تمت","negative"
"ما تنفتح","negative"
"ما تهنيت","negative"
"ما حب","negative"
"ما درستوا","negative"
"ما راح","negative"
"ما راعوا","negative"
"ماستحيت","negative"
"ما سلمنا","negative"
"ما سوو","negative"
"ما شبعتوا","negative"
"ما طاعك","negative"
"ما عجبني","negative"
"ما غرقت","negative"
"ما فرحت","negative"
"ما في فايده","negative"
"ما فيه اسعاده","negative"
"ما فيه انصاف","negative"
"ما لنا رب","negative"
"مالها فايده","negative"
"ماله داعي","negative"
"ما لهم رب","negative"
"ما نبغاها","negative"
"ما نبغى","negative"
"ما نبي","negative"
"ما نبي تعليق","negative"
"ما نبيه","negative"
"ما نبيها","negative"
"ما نحتاج","negative"
"ما نحناج","negative"
"ما نريدها","negative"
"ما نشوف","negative"
"ما نشوفه","negative"
"ما نضجت","negative"
"ما نطبل","negative"
"ما نفرح","negative"
"ما هذا","negative"
"ماهقيت","negative"
"ماهقيتها","negative"
"ماهم كفؤ","negative"
"ما ياجلون","negative"
"ما يبشر","negative"
"ما يبون","negative"
"ما يتزحزح","negative"
"ما يثور","negative"
"ما يحتاج","negative"
"ما يحزنني","negative"
"ما يحطونها","negative"
"ما يساعدون","negative"
"ما يستاهل","negative"
"ما يستاهلون","negative"
"ما يستدعي","negative"
"ما يسمحوا","negative"
"ما يسمحون","negative"
"ما يشبع","negative"
"ما يصلح","negative"
"ما يصير","negative"
"ما يطمن","negative"
"ما يعلقون","negative"
"ما يعلقونها","negative"
"ما يفتحون","negative"
"ما يفتحونه","negative"
"ما يفتحونها","negative"
"ما يفتحوها","negative"
"ما يفرح","negative"
"ما يكفي","negative"
"ما يمشي","negative"
"ما ينفذ","negative"
"ما ينفع","negative"
"ما يوافقوا","negative"
"مب زينه","negative"
"مب فاهم","negative"
"مب لايق","negative"
"مب مقتدرين","negative"
"م تجي","negative"
"مخاطره كبير","negative"
"مع الاسف","negative"
"م نبغى","negative"
"م نبي","negative"
"م نحتاج","negative"
"مو لازم","negative"
"مو مؤيده","negative"
"مو مرتاح","negative"
"مو معقوله","negative"
"مو مقتنعه","negative"
"مو هادف","negative"
"مو وقته","negative"
"م يتحمل","negative"
"هتزيد اسعار","negative"
"ولادين","negative"
"ولانصلح","negative"
"ولايذهب","negative"
"ولايسمع","negative"
"يابعارين","negative"
"يابغضي","negative"
"ياتوافه","negative"
"ياجحده","negative"
"ياحسافتك","negative"
"ياحسافه","negative"
"ياحسرتي","negative"
"ياحظهم","negative"
"ياخبلان","negative"
"ياخوفك","negative"
"ياخوفي","negative"
"يادشير","negative"
"يادلوخ","negative"
"يارعاع","negative"
"ياساتر","negative"
"ياشينها","negative"
"ياصايعين","negative"
"ياطقوع","negative"
"ياغبني","negative"
"ياكسر","negative"
"ياكلاب","negative"
"يامتخلفين","negative"
"يامفسدين","negative"
"يامفلسين","negative"
"ياملاقيف","negative"
"ياهمج","negative"
"ياويلكم","negative"
"يخرب بيتك","negative"
"يخرب بيته","negative"
"غير عادله","negative"
"اعوذ بالله","negative"
"غير عادله","negative"
"مصائب","negative"
"اباحه","negative"
"اباحي","negative"
"اباحيه","negative"
"ابتلا","negative"
"ابتلاات","negative"
"ابتلاكم","negative"
"ابتلينا","negative"
"ابثرتونا","negative"
"ابثروا","negative"
"ابلشت","negative"
"ابلشتونا","negative"
"اتعجب","negative"
"اتعس","negative"
"اتفل","negative"
"اتفه","negative"
"اتقروش","negative"
"يخيب","negative"
"اتهامهم","negative"
"اثامهم","negative"
"اثقلت","negative"
"اجبرتهم","negative"
"اجرام","negative"
"احباط","negative"
"احتقارنا","negative"
"احتكار","negative"
"احتلال","negative"
"احذر","negative"
"احذروا","negative"
"احسدكم","negative"
"احسن","negative"
"احقر","negative"
"احلموا","negative"
"احمق","negative"
"اخاف","negative"
"اختفت","negative"
"اختفى","negative"
"اختلاط","negative"
"اختلافه","negative"
"اختلت","negative"
"اخجل","negative"
"اخراس","negative"
"اخرسوا","negative"
"اخزاهم","negative"
"اخشى","negative"
"اخطا","negative"
"اخطائكم","negative"
"اخطار","negative"
"اخطر","negative"
"اخفا","negative"
"اخلا","negative"
"ادج","negative"
"ادشر","negative"
"ادهى","negative"
"اذاكم","negative"
"اذنابهم","negative"
"اذيه","negative"
"اراهن","negative"
"ارتفاع","negative"
"ارتفع","negative"
"ارتفعت","negative"
"ارتقوا","negative"
"ارحم","negative"
"ارحموا","negative"
"ارحمو","negative"
"ارحمونا","negative"
"ارفض","negative"
"ارفضها","negative"
"ارفظها","negative"
"ارهاب","negative"
"ارهابي","negative"
"ارهابيين","negative"
"ازحمه","negative"
"ازدحام","negative"
"ازعاج","negative"
"ازعاجها","negative"
"ازعجتمونا","negative"
"ازعجتونا","negative"
"ازعجنا","negative"
"ازعجونا","negative"
"ازفت","negative"
"ازماتنا","negative"
"ازمتكم","negative"
"ازمه","negative"
"اساطير","negative"
"استبداد","negative"
"استحيا","negative"
"استخراج","negative"
"استخفاف","negative"
"استرح","negative"
"استشرافكم","negative"
"استعبدوهم","negative"
"استغرب","negative"
"استغلال","negative"
"استفزاز","negative"
"استفزازات","negative"
"استفزازنا","negative"
"استقيلوا",""
"استلعان","negative"
"استنزاف",""
"استهتار","negative"
"استهجن","negative"
"استهداف","negative"
"استهلكت","negative"
"استيا","negative"
"استيلا","negative"
"اسحبوا","negative"
"اسراف","negative"
"اسرى","negative"
"اسوا","negative"
"اشاعات","negative"
"اشاعاتهم","negative"
"اشاعه","negative"
"اشرس",""
"اشغلتوا","negative"
"اشغلتونا","negative"
"اشغلتوني","negative"
"اشغلونا","negative"
"اشفط","negative"
"اشفق","negative"
"اشق","negative"
"اشك","negative"
"اصابه","negative"
"اصعب","negative"
"اصمت","negative"
"اصيح","negative"
"اضرار","negative"
"اضرر","negative"
"اضطر","negative"
"اطلقت","negative"
"اعارض","negative"
"اعتذر","negative"
"اعترض","negative"
"أعداا","negative"
"اعفوا","negative"
"اعقبوا","negative"
"اعوذ","negative"
"اغبيا","negative"
"اغتصاب","negative"
"اغتصبو","negative"
"اغرق","negative"
"اغرقت","negative"
"اغرقنا","negative"
"اغلاق","negative"
"اغلقت","negative"
"اف","negative"
"افا","negative"
"خيانه",""
"افساد","negative"
"افسادهن","negative"
"افسد","negative"
"افسدت","negative"
"افشل","negative"
"اقاله","negative"
"اقبح","negative"
"اقرفتونا","negative"
"اقل","negative"
"اقلعهم","negative"
"اقيل","negative"
"اكذب","negative"
"اكره","negative"
"اكرهه",""
"اكلب","negative"
"الاباحيه","negative"
"الاتشرف","negative"
"الاثام","negative"
"الاثم","negative"
"الاثمه","negative"
"الاحباط","negative"
"الاحتجاج","negative"
"الاحتلال","negative"
"الاحمق","negative"
"الاختلاط","negative"
"الاختلاف","negative"
"الاخلاا","negative"
"الاذناب","negative"
"الارجاف","negative"
"الارهاب","negative"
"الارهابي","negative"
"الازمات","negative"
"الازمه","negative"
"الاستشراف","negative"
"الاستغلال","negative"
"الاستنزاف","negative"
"الاستنفار","negative"
"الاستهبالات","negative"
"الاستهتار","negative"
"الاستهزا","negative"
"الاستهزات","negative"
"الاستيلا","negative"
"الاسراف","negative"
"الاسقاطات","negative"
"الاسوا","negative"
"الاسود","negative"
"الاشاعات","negative"
"الاشاعه","negative"
"الاضرار","negative"
"الاضعف","negative"
"الاعتراض","negative"
"الاعدا","negative"
"الاعدام","negative"
"الاعظم","negative"
"الاغبيا","negative"
"الافساد","negative"
"الافضل","negative"
"الاقتحام","negative"
"الاقنعه","negative"
"الاكتئاب","negative"
"الالم","negative"
"الامبالاه","negative"
"الامتناع","negative"
"الانتحار","negative"
"الانتقاد","negative"
"الانتكاس","negative"
"الانحدار","negative"
"الانحراف","negative"
"الانحطاط","negative"
"الانذار","negative"
"الانسلاخ","negative"
"الانفصام","negative"
"الانكار","negative"
"الانهزاميه","negative"
"الاهمال","negative"
"الباطل","negative"
"البايخه","negative"
"البذخ","negative"
"البطاله","negative"
"البعر","negative"
"البقره","negative"
"البلا","negative"
"البلاوي","negative"
"البلبله","negative"
"التافه","negative"
"التافهه","negative"
"التافهين","negative"
"التبذير","negative"
"التبرج","negative"
"التبلد","negative"
"التحرش","negative"
"التحلطم","negative"
"التخبط","negative"
"التخلف","negative"
"التخمه","negative"
"التدليس","negative"
"التذمر","negative"
"الترف","negative"
"التسذاب","negative"
"التشويش","negative"
"التضارب","negative"
"التضرر","negative"
"التضييق","negative"
"التطبيل","negative"
"التطبيليه","negative"
"التطرف","negative"
"التطنيش","negative"
"التعاسه","negative"
"التعري","negative"
"التعيسه","negative"
"التغريب","negative"
"التغريبيه","negative"
"التفاهات","negative"
"التفاهه","negative"
"التفجيرات","negative"
"التفريق","negative"
"التفصخ","negative"
"التفهات","negative"
"التقديس","negative"
"التقشف","negative"
"التقصير","negative"
"التكذيب","negative"
"التلاعب","negative"
"التنازل","negative"
"التناقضات","negative"
"التنصيري","negative"
"التنظير","negative"
"التنك","negative"
"التهافت","negative"
"الثبور","negative"
"الثقيل","negative"
"الجحلط","negative"
"الجحيم","negative"
"الجدال","negative"
"الجدل","negative"
"الجرم","negative"
"الجريمه","negative"
"الجشع","negative"
"الجشعون","negative"
"الجشعين","negative"
"الجنس","negative"
"الجهل","negative"
"الجهلا","negative"
"الجهله","negative"
"الجوع","negative"
"الحاقدين","negative"
"الحثاله","negative"
"الحجريه","negative"
"الحذر","negative"
"الحرام","negative"
"الحرامي","negative"
"الحراميه","negative"
"الحرب","negative"
"الحروب","negative"
"الحسد","negative"
"الحسرات","negative"
"الحسره","negative"
"الحشرات","negative"
"الحشريه","negative"
"الحقير","negative"
"الحمقى","negative"
"الحوثيين","negative"
"الحيوانات","negative"
"الحيوانيه","negative"
"الخائنون","negative"
"الخاطئ","negative"
"الخاويه","negative"
"الخايس","negative"
"الخايسه","negative"
"الخبائث","negative"
"الخبث","negative"
"الخبثا","negative"
"الخبيثه","negative"
"الخذلان","negative"
"الخراب","negative"
"الخرابيط","negative"
"الخروف","negative"
"الخرى","negative"
"الخسائر","negative"
"الخسران","negative"
"الخصومه","negative"
"الخطا","negative"
"الخطر","negative"
"الخف","negative"
"الخلا","negative"
"الخلل","negative"
"الخمر","negative"
"الخمه","negative"
"الخنبقه","negative"
"الخنز","negative"
"الخوارج","negative"
"الخواف","negative"
"الخوف","negative"
"الخونه","negative"
"الخيانه","negative"
"الخير","negative"
"الدشيره","negative"
"الدعاره","negative"
"الدلع","negative"
"الدلوخ","negative"
"الدلوعين","negative"
"الدمار","negative"
"الدنيا","negative"
"الدواعش","negative"
"الدين","negative"
"الديوثيين","negative"
"الديون","negative"
"الذبان","negative"
"الذل","negative"
"الذنب","negative"
"الذنوب","negative"
"الربا","negative"
"الرجعيه","negative"
"الرخو","negative"
"الرخيصات","negative"
"الرخيصه","negative"
"الردي","negative"
"الرذائل","negative"
"الرذيله","negative"
"الرعاع","negative"
"الرفض","negative"
"الرهبه","negative"
"الروافض","negative"
"الرويبضه","negative"
"الزباله","negative"
"الزحام","negative"
"الزحمه","negative"
"الزفت","negative"
"الزق","negative"
"الزلازل","negative"
"الزله","negative"
"الزنا","negative"
"الزيف","negative"
"الساخطين","negative"
"الساذجه","negative"
"السافله","negative"
"الساقطات","negative"
"الساقطه","negative"
"السباكه","negative"
"السبايك","negative"
"السخافات","negative"
"السخريه","negative"
"السخطه","negative"
"السخيفه","negative"
"السذاجه","negative"
"السرقات","negative"
"السرقه","negative"
"السطحيات","negative"
"السفور","negative"
"السقوط","negative"
"السلاتيح","negative"
"السلبيه","negative"
"السلنتح","negative"
"السلول","negative"
"السلولي","negative"
"السملقي","negative"
"السيئه","negative"
"الشاذه","negative"
"الشاذين","negative"
"الشامت","negative"
"الشده","negative"
"الشديد","negative"
"الشر","negative"
"الشرهه","negative"
"الشقا","negative"
"الشقى","negative"
"الشنيعه","negative"
"الشواذ","negative"
"الشيطان","negative"
"الشين","negative"
"الصحاينه","negative"
"الصحيوني","negative"
"الصداع","negative"
"الصراخ","negative"
"الصراع","negative"
"الصلبيه","negative"
"الصليبي","negative"
"الصهبا","negative"
"الصهيوني","negative"
"الضار","negative"
"الضحيه","negative"
"الضرر","negative"
"الضعف","negative"
"الضعفا","negative"
"الضعوف","negative"
"الضعيف","negative"
"الضغط","negative"
"الضلاله","negative"
"الضياع","negative"
"الضيقه","negative"
"الطامعين","negative"
"الطبول","negative"
"الطرش","negative"
"الطعنات","negative"
"الطغاه","negative"
"الطقوعين","negative"
"الطمع","negative"
"الظالم","negative"
"الظالمين","negative"
"الظلام","negative"
"الظلم","negative"
"العابثين","negative"
"العاجزين","negative"
"العار","negative"
"العاريات","negative"
"العاريه","negative"
"العاطلين","negative"
"العاهرات","negative"
"العاهره","negative"
"العبث","negative"
"العبره","negative"
"العبيد","negative"
"العجاف","negative"
"العجز","negative"
"العدو","negative"
"العذاب","negative"
"العذاريب","negative"
"العصبيه","negative"
"العصيب","negative"
"العفن","negative"
"العفنه","negative"
"العقاب","negative"
"العقايب","negative"
"العقوبات","negative"
"العقوبه","negative"
"العقيم","negative"
"العهر","negative"
"العياذ","negative"
"الغا","negative"
"الغافلون","negative"
"الغبا","negative"
"الغبنه","negative"
"الغبي","negative"
"الغثيث","negative"
"الغرائب","negative"
"الغرق","negative"
"الغريب","negative"
"الغريبه","negative"
"الغزو","negative"
"الغش","negative"
"الغفله","negative"
"الغلا","negative"
"الغلبان","negative"
"الغلطانين","negative"
"الغلو","negative"
"الفاحش","negative"
"الفاحشه","negative"
"الفارغه","negative"
"الفاسد","negative"
"الفاسده","negative"
"الفاسدين","negative"
"الفاشل","negative"
"الفاشلين","negative"
"الفاضي","negative"
"الفاغر","negative"
"الفتن","negative"
"الفتنه","negative"
"الفجار","negative"
"الفحش","negative"
"الفحشا","negative"
"الفرقه","negative"
"الفساد","negative"
"الفسق","negative"
"الفسقه","negative"
"الفشل","negative"
"الفضايح","negative"
"الفقر","negative"
"الفقرا","negative"
"الفقير","negative"
"الفواحش","negative"
"الفوضوي","negative"
"الفوضى","negative"
"القاتل","negative"
"القبح","negative"
"القبيحه","negative"
"القديمه","negative"
"القذاره","negative"
"القذر","negative"
"القذره","negative"
"القذف","negative"
"القرف","negative"
"القهر","negative"
"القيامه","negative"
"الكابه","negative"
"الكادحه","negative"
"الكاذبه","negative"
"الكاذبين","negative"
"الكارثه","negative"
"الكارثي","negative"
"الكافرين","negative"
"الكذابه","negative"
"الكذابين","negative"
"الكذب","negative"
"الكذبه","negative"
"الكسل","negative"
"الكسلان","negative"
"الكفره","negative"
"الكلاب","negative"
"الكلب","negative"
"الكهنه","negative"
"الكوارث","negative"
"اللئيمه","negative"
"اللحج","negative"
"اللصوص","negative"
"اللعب","negative"
"اللعنه","negative"
"اللقافه","negative"
"المؤسف","negative"
"الماحي","negative"
"الماساه","negative"
"الماساوي","negative"
"المايع","negative"
"المتبجحه","negative"
"المتحكم","negative"
"المتخلف","negative"
"المتذمره","negative"
"المتذمرين","negative"
"المتسببين","negative"
"المتشائمين","negative"
"المتضرر","negative"
"المتضررين","negative"
"المتظرر","negative"
"المتعصب","negative"
"المتكدسين","negative"
"المجاملات","negative"
"المجاهره",""
"المجحف","negative"
"المجهول","negative"
"المجون","negative"
"المحرم","negative"
"المحرمات","negative"
"المحرمه","negative"
"المحن","negative"
"المخاطر","negative"
"المخالفات","negative"
"المخجل","negative"
"المخدرات","negative"
"المخربين","negative"
"المخيس","negative"
"المخيسه","negative"
"المخيف","negative"
"المرجفين","negative"
"المرض","negative"
"المرير","negative"
"المريضه","negative"
"المزيف","negative"
"المزيفه","negative"
"المساكين","negative"
"المستشرف","negative"
"المستشرفين","negative"
"المستضعفين","negative"
"المستعبد","negative"
"المستغرب","negative"
"المستغلين","negative"
"المستهتر","negative"
"المستهتره","negative"
"المسحوق","negative"
"المسعوره","negative"
"المسكين","negative"
"المشاجرات","negative"
"المشافيح","negative"
"المشاكل","negative"
"المشفوحات","negative"
"المشكله","negative"
"المشين","negative"
"المصخره","negative"
"المصديه","negative"
"المصيبه","negative"
"المضلل","negative"
"المطبلي","negative"
"المطبلين","negative"
"المظاهر","negative"
"المعادين","negative"
"المعارك","negative"
"المعاصي","negative"
"المعاناه","negative"
"المعتوهين","negative"
"المعصيه","negative"
"المعفن","negative"
"المعفنات","negative"
"المعفنه","negative"
"المعقد","negative"
"المعيب","negative"
"المغبون","negative"
"المغتصب","negative"
"المغرضين","negative"
"المغلوب","negative"
"المفاسد","negative"
"المفتري","negative"
"المفسدون","negative"
"المفسدين","negative"
"المقالب","negative"
"المقحبه","negative"
"المقصر","negative"
"المقصرين","negative"
"المكذوب","negative"
"المكروبين","negative"
"المكروف","negative"
"الملعون","negative"
"الملهاه","negative"
"الملهيات","negative"
"المميت","negative"
"المنافق","negative"
"المنافقون","negative"
"المنافقين","negative"
"المنتقدين","negative"
"المنحل","negative"
"المنحله","negative"
"المنحوسين","negative"
"المنكر","negative"
"المنكرات","negative"
"المهايط","negative"
"المهبل","negative"
"المهروسه","negative"
"المهزله","negative"
"المهزوم","negative"
"المهمومين","negative"
"الموبقات","negative"
"الموت","negative"
"الميت","negative"
"النابحات","negative"
"النابحين","negative"
"الناعق","negative"
"الناهبين","negative"
"النباح","negative"
"النجس","negative"
"النجسه","negative"
"النحس","negative"
"النذاله","negative"
"النصب","negative"
"النفي","negative"
"النكبات","negative"
"النكبه","negative"
"النكرات","negative"
"النهب","negative"
"النهش","negative"
"الهابطه","negative"
"الهاويه","negative"
"الهايفه","negative"
"الهجوم","negative"
"الهدامه","negative"
"الهدر","negative"
"الهرج","negative"
"الهروب","negative"
"الهزيمه","negative"
"الهما","negative"
"الهمج","negative"
"الهمجي","negative"
"الهمجيه","negative"
"الهياط","negative"
"الوبا","negative"
"الوسخ","negative"
"الوصخه","negative"
"الوضيع","negative"
"الوهمي","negative"
"الياس","negative"
"اليم","negative"
"امحق","negative"
"امرضتونا","negative"
"اموت","negative"
"اميتوا","negative"
"انتحال","negative"
"انتحر","negative"
"انتقد","negative"
"انتكاسه","negative"
"انتهاك","negative"
"انتهت","negative"
"انثبر","negative"
"انثبرو","negative"
"انثبروا","negative"
"انجاس","negative"
"انجس","negative"
"انحطاط","negative"
"انخفاض","negative"
"انخقنا","negative"
"انخمد","negative"
"انخنقنا","negative"
"اندفاعي","negative"
"انذار","negative"
"انذل","negative"
"انسوا","negative"
"انسى","negative"
"انطقوا","negative"
"انطم","negative"
"انعدام","negative"
"انعدمت","negative"
"انفثي","negative"
"انقلع","negative"
"انقلعو","negative"
"انقلعوا","negative"
"انقهر","negative"
"انكار","negative"
"اه","negative"
"اهانتها","negative"
"اهب","negative"
"اهبوا","negative"
"اهدار","negative"
"اهربوا","negative"
"اهمال","negative"
"اهمالهم","negative"
"اهين","negative"
"تتعرى","negative"
"اوصيا","negative"
"اوكار","negative"
"بؤسا","negative"
"بئس","negative"
"بائس","negative"
"بائسه","negative"
"بايخه","negative"
"بارات","negative"
"بارد","negative"
"باطل","negative"
"باعت","negative"
"بايخ","negative"
"تجريم","negative"
"تفاهات","negative"
"تندمون","negative"
"جهل","negative"
"خسر","negative"
"خطر","negative"
"بخيل","negative"
"بدعا","negative"
"بربسه","negative"
"رفض","negative"
"رفع","negative"
"برمائيات","negative"
"برمائيه","negative"
"برمائيين","negative"
"بزران","negative"
"بزرنجي","negative"
"سطحيه","negative"
"بشاعه","negative"
"بشع","negative"
"بشعا","negative"
"بصق","negative"
"بطاريق","negative"
"بطلوا","negative"
"بطلوها","negative"
"بطيئه","negative"
"بغيضكم","negative"
"بغيظكم","negative"
"بفجر","negative"
"بقر","negative"
"بكائيات","negative"
"بكفره","negative"
"بلاغات","negative"
"بلاوي","negative"
"بلبله","negative"
"بلها","negative"
"بليتي","negative"
"بليد","negative"
"بليدين","negative"
"متبرجه","negative"
"بنزع","negative"
"نغرق","negative"
"نموت","negative"
"بهائم","negative"
"بياخه","negative"
"يخافون","negative"
"يخربون","negative"
"يدبلون","negative"
"يرتفع","negative"
"يرفع","negative"
"يرفعون","negative"
"يستغلون","negative"
"يغرق","negative"
"يفسد","negative"
"تاجج","negative"
"تاجيج","negative"
"تافه","negative"
"تافهه","negative"
"تافهين","negative"
"تاليب","negative"
"تبا","negative"
"تباد","negative"
"تبالكم","negative"
"تبرج","negative"
"تبرجت","negative"
"تبرى","negative"
"تبطون","negative"
"تبطي","negative"
"تبكي","negative"
"تبن","negative"
"تبون","negative"
"تتاجر","negative"
"تتاخرون","negative"
"تتجاهل","negative"
"تتحطم","negative"
"تتحقق","negative"
"تتحلطم","negative"
"تتخبط","negative"
"تتسرب","negative"
"تتشرد","negative"
"تتعالجون","negative"
"تتعب","negative"
"تتفاقم","negative"
"تتفلسفون","negative"
"تتكالب","negative"
"تتهاوشون","negative"
"تجاهر","negative"
"تجاهلنا","negative"
"تجاوزت","negative"
"تجتاح","negative"
"تجر","negative"
"تجردت","negative"
"تجرف","negative"
"تجلط","negative"
"تجلطوهم","negative"
"تجنب","negative"
"تحارب","negative"
"تحاربوا","negative"
"تحاصر","negative"
"تحالفوا","negative"
"تحايل","negative"
"تحترق","negative"
"تحذر","negative"
"تحذير","negative"
"تحذيرات","negative"
"تحرق","negative"
"تحرقوا","negative"
"تحزبه","negative"
"تحزن","negative"
"تحشرون","negative"
"تحقير","negative"
"تحيز","negative"
"تخاطر","negative"
"تخالف","negative"
"تخبط","negative"
"تخبطات","negative"
"تخبيص","negative"
"تختفي","negative"
"تخدعكم","negative"
"تخرب","negative"
"تخرج","negative"
"تخسون","negative"
"تخسى","negative"
"تخسي","negative"
"تخسين","negative"
"تخفس","negative"
"تخلف","negative"
"تخلفنا","negative"
"تخلفها","negative"
"تخوف","negative"
"تدعسون","negative"
"تدلعوا","negative"
"تدلعونهم","negative"
"تدليس","negative"
"تدمر","negative"
"تدمير","negative"
"تدنسون","negative"
"تدنسوها","negative"
"تدهور","negative"
"تذمر","negative"
"تراب","negative"
"تراجع","negative"
"ترزز","negative"
"ترفا","negative"
"ترفض","negative"
"ترك","negative"
"تركوا","negative"
"ترهات","negative"
"تروع","negative"
"تزيل","negative"
"تسئ","negative"
"تسب","negative"
"تستاهل","negative"
"تستحق","negative"
"تستغل","negative"
"تستفز","negative"
"تستلعن","negative"
"تسذب","negative"
"تسذوبين","negative"
"تسرب","negative"
"تسكر","negative"
"تسليك","negative"
"تسليكاتها","negative"
"تسليكيه","negative"
"تشبع","negative"
"تشتموا","negative"
"تشحذونها","negative"
"تشمتكم","negative"
"تشمون","negative"
"تشمونها","negative"
"تشويه","negative"
"تصرف","negative"
"تضجروا","negative"
"تضحكوا","negative"
"تضر","negative"
"تضرر","negative"
"تضررت","negative"
"تضطر","negative"
"تضيق","negative"
"تطبل","negative"
"تطبيل","negative"
"تطرف","negative"
"تطقطقون","negative"
"تطيح","negative"
"تعاقب","negative"
"تعب","negative"
"تعبانين","negative"
"تعبت","negative"
"تعبتو","negative"
"تعبتوا","negative"
"تعبثون","negative"
"تعبنا","negative"
"تعذيب","negative"
"تعري","negative"
"تعريه","negative"
"تعصف","negative"
"تعصون","negative"
"تعصي","negative"
"تعطل","negative"
"تعطلت","negative"
"تعقب","negative"
"تعقبين","negative"
"تعلفه","negative"
"تعيس","negative"
"تغرق","negative"
"تغزل","negative"
"تغضب","negative"
"تغطى","negative"
"تغلق","negative"
"تف","negative"
"تفاهاتكم","negative"
"تفاهه","negative"
"تفجع","negative"
"تفجعني","negative"
"تفجير","negative"
"تفجيرات","negative"
"تفركشت","negative"
"تفسخت","negative"
"تفسخي","negative"
"تفسد","negative"
"تفشل","negative"
"تفشلونا","negative"
"تفصيخ","negative"
"تفضحون","negative"
"تفكرون","negative"
"تفككت","negative"
"تفله","negative"
"تفو","negative"
"تقاتل","negative"
"تقاضي","negative"
"تقتحم","negative"
"تقتل","negative"
"تقذفها","negative"
"تقلبات","negative"
"تقلص","negative"
"تقليد","negative"
"تكبرون","negative"
"تكدست","negative"
"تكذب","negative"
"تكره","negative"
"تكسر","negative"
"تكسرت","negative"
"تكفر","negative"
"تلاعب","negative"
"تلايطو","negative"
"تلخبط","negative"
"تلخبطات","negative"
"تلعبون","negative"
"تلميع","negative"
"تلهفون","negative"
"تلوث","negative"
"تماسيح","negative"
"تمزيق","negative"
"تمييع","negative"
"تناقض","negative"
"تناهق","negative"
"تنبح","negative"
"تنبحون","negative"
"تنتحر","negative"
"تنتظر","negative"
"تنتيف","negative"
"تندم","negative"
"تنزع","negative"
"تنزف","negative"
"تنزلون","negative"
"تنكر","negative"
"تنهار","negative"
"تنهب","negative"
"تنهق","negative"
"تهبون","negative"
"تهجير","negative"
"تهددوها","negative"
"تهديد","negative"
"تهور","negative"
"توشك","negative"
"جاهلات","negative"
"جاهلي","negative"
"جثتين","negative"
"جثه","negative"
"جحدوك","negative"
"جحفلونا","negative"
"جحلونا","negative"
"جحيم","negative"
"جدال","negative"
"جدل","negative"
"جراثيم","negative"
"جراح","negative"
"جرفه","negative"
"جريمه","negative"
"جشع","negative"
"جشعا","negative"
"جلطه","negative"
"جن","negative"
"جننونا","negative"
"جنونكم","negative"
"جنونهم","negative"
"جهنم","negative"
"جواسيس","negative"
"حاجه","negative"
"حادث","negative"
"حازمه","negative"
"حاسدينا","negative"
"حاشرين","negative"
"حاقد","negative"
"حتدفع","negative"
"حتدفعوا","negative"
"حثاله","negative"
"حذفت","negative"
"حرام","negative"
"حراميته","negative"
"حراميه","negative"
"حرب","negative"
"حرج","negative"
"حرمان","negative"
"حرماننا","negative"
"حرمتها","negative"
"حرمتهم","negative"
"حرمه","negative"
"حروبكم","negative"
"حريقه","negative"
"حزنت","negative"
"حزينه","negative"
"حسافه","negative"
"حسبنا","negative"
"حسبي","negative"
"حسبيهم","negative"
"حسد","negative"
"حسدكم","negative"
"حسرتي","negative"
"حسره","negative"
"حسو","negative"
"حسوده","negative"
"حسوفه","negative"
"حقد","negative"
"حمار","negative"
"حماقه","negative"
"حمير","negative"
"حنكفر","negative"
"حوادث","negative"
"حوبتكم","negative"
"حوبه","negative"
"حيره","negative"
"حيطفرو","negative"
"خاب","negative"
"خادش","negative"
"خادشه","negative"
"خاطئ","negative"
"خاطئا","negative"
"خاطى","negative"
"خافو","negative"
"خافوا","negative"
"خاقين","negative"
"خالفت","negative"
"خان","negative"
"خاويه","negative"
"خايب","negative"
"خايسه","negative"
"خايفين","negative"
"خاين","negative"
"خبتم","negative"
"خبث","negative"
"خبلان","negative"
"خبيث","negative"
"خبيثه","negative"
"ختفو","negative"
"خدع","negative"
"خدعه","negative"
"خدعوها","negative"
"خذلان","negative"
"خذلانكم","negative"
"خراب","negative"
"خرابي","negative"
"خراف","negative"
"خربانه","negative"
"خربت","negative"
"خربتوا","negative"
"خربتوها","negative"
"خربنا","negative"
"خرطي","negative"
"خرفان","negative"
"خرفانها","negative"
"خزعبلات","negative"
"خسئ","negative"
"خسئتم","negative"
"خسائر","negative"
"خساره","negative"
"خساير","negative"
"خسران","negative"
"خسرنا","negative"
"خسرناها","negative"
"خسيس","negative"
"خطا","negative"
"خطره","negative"
"خطوات","negative"
"خطوره","negative"
"خطير","negative"
"خفس","negative"
"خلكم","negative"
"خلل","negative"
"خلو","negative"
"خمارات","negative"
"خمبقوا","negative"
"خمر","negative"
"خوف","negative"
"خوفا","negative"
"خويش","negative"
"خياس","negative"
"خيب","negative"
"داجين","negative"
"داعش","negative"
"داعشيا","negative"
"داعشيته","negative"
"دبرونا","negative"
"دشير","negative"
"دعاره","negative"
"دلع","negative"
"دلوع","negative"
"دلوعكم","negative"
"دلوعين","negative"
"دما","negative"
"دمار","negative"
"دمارك","negative"
"دمر","negative"
"دمران","negative"
"دمروا","negative"
"دنيئه","negative"
"دنيوي","negative"
"دواعي","negative"
"ديوث","negative"
"ديون","negative"
"ذلنا","negative"
"ذنب","negative"
"ذنبنا","negative"
"ذنبها","negative"
"ذنوب","negative"
"ذنوبكم","negative"
"ذنوبنا","negative"
"ذنوبهم","negative"
"راح","negative"
"راحت","negative"
"رادع","negative"
"راسبين","negative"
"راعوا","negative"
"رافضيين","negative"
"رجعي","negative"
"رجعيه","negative"
"رحمتكم","negative"
"رخيصه","negative"
"ردى","negative"
"رذيله","negative"
"رفاهيه","negative"
"رهبه","negative"
"ريحونا","negative"
"زانيه","negative"
"زبايل","negative"
"زحام","negative"
"زحف","negative"
"زحمه","negative"
"تعبانه","negative"
"زرف","negative"
"زعزعه","negative"
"زعلانين","negative"
"زعلتم","negative"
"زفت","negative"
"زق","negative"
"زلازل","negative"
"زلايب","negative"
"زله","negative"
"زنا","negative"
"زودتوا","negative"
"زودتوها","negative"
"سؤ","negative"
"ساخر","negative"
"ساخن","negative"
"ساذج","negative"
"سافره","negative"
"سافل","negative"
"سافلات","negative"
"سافله","negative"
"سافهه","negative"
"ساقط","negative"
"ساقطه","negative"
"سامجه","negative"
"سبات","negative"
"سبايك","negative"
"مشاكل","negative"
"سبهلله","negative"
"ستتوسلون","negative"
"ستحاسب","negative"
"ستختنق","negative"
"ستخنق","negative"
"سترك","negative"
"ستندم","negative"
"ستنكر","negative"
"ستهلك","negative"
"سحب","negative"
"سخافات","negative"
"سخافه","negative"
"سخريه","negative"
"سخطوا","negative"
"سخف","negative"
"سخيف","negative"
"سخيفه","negative"
"سذاجتهم","negative"
"سذاجه","negative"
"سذج","negative"
"سربوت","negative"
"سرق","negative"
"سرقات","negative"
"سرقت","negative"
"سرقته","negative"
"سرقنا","negative"
"سرقه","negative"
"سرقوا","negative"
"سرقوك","negative"
"سرقوها","negative"
"سطحي","negative"
"سفاسف","negative"
"سفلوا","negative"
"سفه","negative"
"سفها","negative"
"سفههم","negative"
"سفور","negative"
"سفيه","negative"
"سقط","negative"
"سقها","negative"
"سقيمه","negative"
"سلامات","negative"
"سلبا","negative"
"سلبيات","negative"
"سلبياتها","negative"
"سلبيه","negative"
"سلط","negative"
"سلعه","negative"
"سلق","negative"
"سلول","negative"
"سلوليه","negative"
"سماجه","negative"
"سمجت","negative"
"سمجتوها","negative"
"سمكه","negative"
"سننكرها","negative"
"سوء","negative"
"سوا","negative"
"سيء","negative"
"سيئه","negative"
"سيا","negative"
"سيبكي","negative"
"سيحسب","negative"
"سيرتفع","negative"
"سيرفع","negative"
"سيرفعون","negative"
"سيزعج","negative"
"سيستغله","negative"
"سيستغلون","negative"
"سيندم","negative"
"شائعات","negative"
"شائكه","negative"
"شاذ","negative"
"شاهت","negative"
"شحات","negative"
"شذوذ","negative"
"شر","negative"
"شرسه","negative"
"شرك","negative"
"شره","negative"
"شرها","negative"
"شرهم","negative"
"شفاحه","negative"
"شقا","negative"
"شوشره","negative"
"شوكه","negative"
"شوهتكم","negative"
"شيطانيه","negative"
"شين","negative"
"شينه","negative"
"شينها","negative"
"صاجين","negative"
"صاعقه","negative"
"صافرات","negative"
"صال","negative"
"صجه","negative"
"صجيتونا","negative"
"صدع","negative"
"صدعتوا","negative"
"صدمنا","negative"
"صدمني","negative"
"صدمه","negative"
"صراع","negative"
"صعب","negative"
"صعبه","negative"
"صفارات","negative"
"صفعه","negative"
"صفقوني","negative"
"صلب","negative"
"صلبيه","negative"
"صهيون","negative"
"صهيوني","negative"
"ضاع","negative"
"ضاعت","negative"
"ضاعوا","negative"
"ضاقت","negative"
"ضال","negative"
"ضايعه","negative"
"ضايعين","negative"
"ضايق","negative"
"ضبان","negative"
"ضجه","negative"
"ضحاله","negative"
"ضحايا","negative"
"ضحيتها","negative"
"ضحيه","negative"
"ضد","negative"
"ضدنا","negative"
"ضده","negative"
"ضدها","negative"
"ضرب","negative"
"ضربته","negative"
"ضربتين","negative"
"ضربه","negative"
"ضرر","negative"
"ضررا","negative"
"ضررها","negative"
"ضعف","negative"
"ضعفين","negative"
"ضعنا","negative"
"ضعيف","negative"
"ضعيفه","negative"
"ضغط","negative"
"ضفادع","negative"
"ضلاله","negative"
"ضوضا","negative"
"ضياع","negative"
"ضياعا","negative"
"ضيع","negative"
"ضيعت","negative"
"ضيقه","negative"
"ضيقوا","negative"
"ضيم","negative"
"طاحت","negative"
"طارت","negative"
"طاعون","negative"
"طالت","negative"
"طامه","negative"
"طبل","negative"
"طحالب","negative"
"طرد","negative"
"طرش","negative"
"طروش","negative"
"طز","negative"
"طس","negative"
"طعنه","negative"
"طفران","negative"
"طفرت","negative"
"طفشت","negative"
"طفشنا","negative"
"طقطقه","negative"
"طلم","negative"
"طمع","negative"
"طمعا","negative"
"طواريا","negative"
"طولت","negative"
"طولتوه","negative"
"طولوها","negative"
"طيروه","negative"
"ظالم","negative"
"ظلم","negative"
"ظلمكم","negative"
"عاجزون","negative"
"عار","negative"
"عاره","negative"
"عاريات","negative"
"عاريه","negative"
"عاصي","negative"
"عاطلون","negative"
"عالج","negative"
"عالريحه","negative"
"عالزق","negative"
"عالعاهرات","negative"
"عاله","negative"
"عانينا","negative"
"عاهات","negative"
"عاهره","negative"
"عاهرها","negative"
"عبث","negative"
"عبثي","negative"
"عبده","negative"
"عجبا","negative"
"عجبي","negative"
"عجز","negative"
"عجزت","negative"
"عجيب","negative"
"عجيبه","negative"
"عذرا","negative"
"عراه","negative"
"عرقانه","negative"
"عزا","negative"
"عزائنا","negative"
"عزاكم","negative"
"عزانا","negative"
"عصاه","negative"
"عصت","negative"
"عصوا","negative"
"عصيبه","negative"
"عطل","negative"
"عقاب","negative"
"عقابهم","negative"
"عقوبتكم","negative"
"عقوبه","negative"
"علامات","negative"
"علقه","negative"
"عناد","negative"
"عنصريه","negative"
"عنوه","negative"
"عيب","negative"
"غارق","negative"
"غارقا","negative"
"غارقه","negative"
"غاضبه","negative"
"غاطس","negative"
"غافلات","negative"
"غالي","negative"
"غاليه","negative"
"غامرت","negative"
"غبا","negative"
"غبنه","negative"
"غبني","negative"
"غبي","negative"
"غبيه","negative"
"غثا","negative"
"غثيتونن","negative"
"غرروا","negative"
"غرق","negative"
"غرقا","negative"
"غرقان","negative"
"غرقانا","negative"
"غرقانه","negative"
"غرقانين","negative"
"غرقت","negative"
"غرقنا","negative"
"غرقه","negative"
"غزل","negative"
"غزو","negative"
"غش","negative"
"غصب","negative"
"غضب","negative"
"غضبهم","negative"
"غطت","negative"
"غطرسه","negative"
"غفلته","negative"
"غلا","negative"
"غلبان","negative"
"غلط","negative"
"غلطانه","negative"
"غلطه","negative"
"غياب","negative"
"فئر","negative"
"فاضيه","negative"
"فاحش","negative"
"فارغه","negative"
"فاسد","negative"
"فاسده","negative"
"فاسدها","negative"
"فاسدين","negative"
"فاسق","negative"
"فاسقات","negative"
"فاسقه","negative"
"فاشل","negative"
"فاشله","negative"
"فاشلين","negative"
"فاضحا","negative"
"فاضل","negative"
"فاضي","negative"
"فاضين","negative"
"فاضيين","negative"
"فاغر","negative"
"فاغرهم","negative"
"فالتغريب","negative"
"فالذنب","negative"
"فالعقوبه","negative"
"فالقذف","negative"
"فانيه","negative"
"فاهمه","negative"
"فايدتها","negative"
"فايده","negative"
"فتانه","negative"
"فتن","negative"
"فتنه","negative"
"فجروا","negative"
"فجور","negative"
"فجوره","negative"
"فحش","negative"
"فخبتم","negative"
"فدمرنا","negative"
"فرق","negative"
"فساد","negative"
"فسادا","negative"
"فسادها","negative"
"فسادهم","negative"
"فسدت","negative"
"فسده","negative"
"فشل","negative"
"فشلت","negative"
"فشلتونا","negative"
"فشله","negative"
"فشلهم","negative"
"فشيله","negative"
"فضائح","negative"
"فضح","negative"
"فضحت","negative"
"فضحتنا","negative"
"فضحتهم","negative"
"فضحتونا","negative"
"فضيحه","negative"
"فظايح","negative"
"فظيحه","negative"
"ففسقوا","negative"
"فكونا","negative"
"فقد","negative"
"فقدنا","negative"
"فقر","negative"
"فقرا","negative"
"فقيده","negative"
"فقيره","negative"
"فكفوا","negative"
"فلاسف","negative"
"فلاشات","negative"
"فلنخمد","negative"
"فلنرتقي","negative"
"فليتق","negative"
"فليتوها","negative"
"فليحتال","negative"
"فوضويه","negative"
"فوضى","negative"
"فيضان","negative"
"قاتله","negative"
"قادح","negative"
"قاسي","negative"
"قاسيه","negative"
"قاهرني","negative"
"قبح","negative"
"قبحك","negative"
"قبحكم","negative"
"قبحهم","negative"
"قبوركم","negative"
"قبيح","negative"
"قتل","negative"
"قتلت","negative"
"قديم","negative"
"قديمه","negative"
"قذاره","negative"
"قذر","negative"
"قذره","negative"
"قرف","negative"
"قشرا","negative"
"قصقصه","negative"
"قضت","negative"
"قطع","negative"
"قطعان","negative"
"قطعها","negative"
"قطيع","negative"
"قفلت","negative"
"قلت","negative"
"قلق","negative"
"قله","negative"
"قليل","negative"
"قمعي","negative"
"قهر","negative"
"قهرني","negative"
"كئيب","negative"
"كائد","negative"
"كاذبا","negative"
"كاذبه","negative"
"كارثه","negative"
"كازينوهات","negative"
"كاسيات","negative"
"كالكلب","negative"
"كبائر","negative"
"كبح","negative"
"كبد","negative"
"كداب","negative"
"كذاب","negative"
"كذابات","negative"
"كذابين","negative"
"كذب","negative"
"كذبه","negative"
"كذبوا","negative"
"كراتين","negative"
"كرهتونا","negative"
"كروشكم","negative"
"كريه","negative"
"كسر","negative"
"كسرت","negative"
"كسرنا","negative"
"كسلان","negative"
"كش","negative"
"كفار","negative"
"كفايه","negative"
"كفر","negative"
"كفى","negative"
"كلاب","negative"
"كلب","negative"
"كلبيه","negative"
"كمخه","negative"
"كمين","negative"
"كنسل","negative"
"كيدك","negative"
"كيده","negative"
"كيدهم","negative"
"كيفكم","negative"
"لاستشراف","negative"
"لاستغلال","negative"
"لبس","negative"
"لتحرشات","negative"
"لتدمع","negative"
"لتغريب","negative"
"لتفتيت","negative"
"لتفقدها","negative"
"لتقصيره","negative"
"لتمزيق","negative"
"لتنشغل","negative"
"لتوافه","negative"
"لحجنه","negative"
"لحرمتها","negative"
"لخايس","negative"
"لخرق","negative"
"لخطوره","negative"
"لدحديره","negative"
"لسذاجتك","negative"
"لسفها","negative"
"لسوء","negative"
"لسوا","negative"
"لشهواتهم","negative"
"لصوص","negative"
"لعبوب","negative"
"لعقوبه","negative"
"لعن","negative"
"لعنبو","negative"
"لعنبوا","negative"
"لعنه","negative"
"لغطرسه","negative"
"لفساد","negative"
"لقافه","negative"
"لقتل","negative"
"لكرهكم","negative"
"للاختلاط","negative"
"للاستغلال","negative"
"للاسف","negative"
"للاشاعات","negative"
"للتافهين","negative"
"للتبرج","negative"
"للتحايل","negative"
"للتضليل","negative"
"للتقليل","negative"
"للحرب","negative"
"للحمير","negative"
"للخراب","negative"
"للخطر","negative"
"للخلف","negative"
"للدشير","negative"
"للدمار","negative"
"للديوثين","negative"
"للرافضه","negative"
"للريبه","negative"
"للسرف","negative"
"للشيطان","negative"
"للفاحشه","negative"
"للفتن","negative"
"للفتنه","negative"
"للفساد","negative"
"للفقرا","negative"
"للفواحش","negative"
"للكرف","negative"
"للكفر","negative"
"للماحي","negative"
"للمخاطره","negative"
"للمنكر","negative"
"للهاويه","negative"
"للهمج","negative"
"للهو","negative"
"لمخالفه","negative"
"لمزوا","negative"
"لمستشرف","negative"
"لنوقف","negative"
"لهايب","negative"
"لهموجه","negative"
"لوطي","negative"
"لوعه","negative"
"لوموا","negative"
"ليبرنجي","negative"
"ليحزن","negative"
"ليستحلا","negative"
"ليشغل","negative"
"ليهلكون","negative"
"مؤخره","negative"
"مؤسف","negative"
"مؤلم","negative"
"مائلات","negative"
"مائيه","negative"
"مات","negative"
"ماساه","negative"
"ماساوي","negative"
"ماكره","negative"
"ماكو","negative"
"مالت","negative"
"مبتلشين","negative"
"مبذرين","negative"
"مبزره","negative"
"متاخره","negative"
"متاخرين","negative"
"متازمه","negative"
"متبرئين","negative"
"متبرجات","negative"
"متبطعين","negative"
"متجاهل","negative"
"متجنسه","negative"
"متحامل","negative"
"متحطمه","negative"
"متخرفنين","negative"
"متخلف","negative"
"متخلفات","negative"
"متخلفه","negative"
"متخلفين","negative"
"متذمر","negative"
"متراكمه","negative"
"متساهل","negative"
"متسكره","negative"
"متسلخه","negative"
"متشدد","negative"
"متضايق","negative"
"متضرر","negative"
"متضرره","negative"
"متضررين","negative"
"متعالم","negative"
"متعبا","negative"
"متعطله","negative"
"متفجر","negative"
"متفسخه","negative"
"متكاسل","negative"
"متلعثمه","negative"
"متناقض","negative"
"متناقضين","negative"
"متنكه","negative"
"متهاون","negative"
"متوقف","negative"
"متوقفه","negative"
"مثاليه","negative"
"مجازفه","negative"
"مجانين","negative"
"مجاهره","negative"
"مجرمين","negative"
"مجنسه","negative"
"مجهول","negative"
"مجون","negative"
"محارب","negative"
"محاسبتهم","negative"
"محاسبه","negative"
"محاصره","negative"
"محاكمه","negative"
"محدوديه","negative"
"محرم","negative"
"محزن","negative"
"محنه","negative"
"مخادع","negative"
"مخالفه","negative"
"مختل","negative"
"مختلطه","negative"
"مخجل","negative"
"مخجله","negative"
"مخدرات","negative"
"مخدوعات","negative"
"مخرب","negative"
"مخرفنته","negative"
"مخنزه","negative"
"مخيس","negative"
"مخيسه","negative"
"مخيسين","negative"
"مدحدر","negative"
"مدعوس","negative"
"مدفوعين","negative"
"مدلع","negative"
"مدلعين","negative"
"مديون","negative"
"مراقبه","negative"
"مراهقه","negative"
"مرض","negative"
"مرضان","negative"
"مرضانه","negative"
"مرضت","negative"
"مرضى","negative"
"مرعب","negative"
"مرفوض","negative"
"مرمطه","negative"
"مريض","negative"
"مريضين","negative"
"مزابل","negative"
"مزايه","negative"
"مزبله","negative"
"مزري","negative"
"مزعج","negative"
"مساكين","negative"
"مستحيل","negative"
"مستحيله","negative"
"مستعبدين","negative"
"مستفز","negative"
"مستنقع","negative"
"مستنقعات","negative"
"مستهدف","negative"
"مستهدفات","negative"
"مستهلك","negative"
"مستهلكه","negative"
"مسحوب","negative"
"مسختوها","negative"
"مسخره","negative"
"مسخوط","negative"
"مسخوها","negative"
"مسرف","negative"
"مسرمكه","negative"
"مسكين","negative"
"مسكينه","negative"
"مشاكلنا","negative"
"مشغول","negative"
"مشغولون","negative"
"مشغولين","negative"
"مشفح","negative"
"مشفر","negative"
"مشفره","negative"
"مشفولون","negative"
"مشكلتنا","negative"
"مشكله","negative"
"مشوش","negative"
"مشوهه","negative"
"مشينه","negative"
"مصايب","negative"
"مصخت","negative"
"مصخره","negative"
"مصرعه","negative"
"مصيبتنا","negative"
"مصيبتين","negative"
"مصيبه","negative"
"مضيعه","negative"
"مطارده","negative"
"مطايا","negative"
"مطبل","negative"
"مطبلين","negative"
"مطفر","negative"
"مطيه","negative"
"معارض","negative"
"معارضه","negative"
"معارضين","negative"
"معاصي","negative"
"معاقبه","negative"
"معاناه","negative"
"معتوه","negative"
"معصي","negative"
"معضله","negative"
"معفن","negative"
"معقدينا","negative"
"معلقه","negative"
"معوقات","negative"
"معيبا","negative"
"مغبره","negative"
"مغبون","negative"
"مغتصبين","negative"
"مغص","negative"
"مغطاه","negative"
"مغلق","negative"
"مغلقا","negative"
"مغلقه","negative"
"مغلوطه","negative"
"مغمورا","negative"
"مفاتنها","negative"
"مفاسدها","negative"
"مفجرين","negative"
"مفسده","negative"
"مفسدين","negative"
"مفقوده","negative"
"مفلسا","negative"
"مقززه","negative"
"مقصره","negative"
"مقصرين","negative"
"مقطعه","negative"
"مقلب","negative"
"مقهوره","negative"
"مكاويكم","negative"
"مكبرين","negative"
"مكبوته","negative"
"مكروه","negative"
"مكلفه","negative"
"ملاقيف","negative"
"ملتوي","negative"
"ملذاتهم","negative"
"ملعوب","negative"
"ملعونين","negative"
"ملغتوها","negative"
"ملل","negative"
"ملهى","negative"
"ملهيات","negative"
"ملوا","negative"
"مليت","negative"
"ملينا","negative"
"ممزقه","negative"
"ممل","negative"
"ممله","negative"
"مميلات","negative"
"منافق","negative"
"منافقين","negative"
"مناكفه","negative"
"منبطحات","negative"
"منحدرات","negative"
"منحرف","negative"
"منحرفين","negative"
"منحط","negative"
"منحل","negative"
"منحله","negative"
"منخفس","negative"
"منعوه","negative"
"منغمره","negative"
"منقاده","negative"
"منقهر","negative"
"منكر","negative"
"منكرات","negative"
"منهك","negative"
"مهايط","negative"
"مهبول","negative"
"مهترئه","negative"
"مهزله","negative"
"مهزوزه","negative"
"موتو","negative"
"موتوا","negative"
"موجعه","negative"
"ميت","negative"
"ميته","negative"
"نائمه","negative"
"نار","negative"
"نافخه","negative"
"ناقص","negative"
"ناقصنا","negative"
"نبذ","negative"
"نبكي","negative"
"نتبرا","negative"
"نتذمر","negative"
"نترك","negative"
"نتصادم","negative"
"نتصيد","negative"
"نتمادى","negative"
"نتمسك","negative"
"نتهاوش","negative"
"نجاسه","negative"
"نجلطهم","negative"
"نجهل","negative"
"نحتاج","negative"
"نخاطر","negative"
"نخجل","negative"
"نخسي","negative"
"نخشى","negative"
"ندمنا","negative"
"نذمهم","negative"
"نرفض","negative"
"نرهب","negative"
"نزعل","negative"
"نستغرب","negative"
"نشبت","negative"
"نشبه","negative"
"نصاب","negative"
"نصابين","negative"
"نصب","negative"
"نضحي","negative"
"نطابين","negative"
"نطقطق","negative"
"نظلونا","negative"
"نعايرهم","negative"
"نعبث","negative"
"نعنبوكم","negative"
"نعوذ","negative"
"نفاق","negative"
"نفتقدك","negative"
"نفتك","negative"
"نفجر","negative"
"نفذ","negative"
"نفسيه","negative"
"نفوذ","negative"
"نقلد","negative"
"نقلل","negative"
"نقمه","negative"
"نكب","negative"
"نكبنا","negative"
"نكبه","negative"
"نكد","negative"
"نكسه","negative"
"ننتحر","negative"
"ننكر","negative"
"نهاجر","negative"
"نهايتهم","negative"
"نهب","negative"
"نهبوها","negative"
"نهشوا","negative"
"نهيق","negative"
"هالاشاعات","negative"
"هالحثاله","negative"
"هالخرابيط","negative"
"هالسلقه","negative"
"هالشراذم","negative"
"هالشفقه","negative"
"هالشوشره","negative"
"هالفتن","negative"
"هالمساكين","negative"
"هالمشافيح","negative"
"هالنفاق","negative"
"هامشي","negative"
"هامشيه","negative"
"هامه","negative"
"هب","negative"
"هجت","negative"
"هجمه","negative"
"هجمو","negative"
"هدد","negative"
"هددوها","negative"
"هدر","negative"
"هدرها","negative"
"هدف","negative"
"هربا","negative"
"هزلت","negative"
"هلاكهم","negative"
"هلع","negative"
"هم","negative"
"همج","negative"
"همجيته","negative"
"همجيه","negative"
"همكم","negative"
"همنا","negative"
"همه","negative"
"همي","negative"
"هنود","negative"
"هياته","negative"
"هياط","negative"
"هياطك","negative"
"هيام","negative"
"هيج","negative"
"وااسفاه","negative"
"واسفاب","negative"
"واسفاه","negative"
"وجع","negative"
"وجعتوا","negative"
"وراكم","negative"
"وراه","negative"
"ورطنا","negative"
"ورعان","negative"
"وشدعوه","negative"
"وشذا","negative"
"وصخ","negative"
"وطي","negative"
"وع","negative"
"وفاه","negative"
"وقف","negative"
"وقفه","negative"
"وكر","negative"
"وللاسف","negative"
"وماينفع","negative"
"ونغمار","negative"
"وهميه","negative"
"يتفلسف","negative"
"يحسدونا","negative"
"يخالف","negative"
"يخزي","negative"
"يسحبون","negative"
"يفسدون","negative"
"يقذف","negative"
"ويل","negative"
"يلعن","negative"
"ينبح","negative"
"ياخذكم","negative"
"ياخذكو","negative"
"ياخر","negative"
"يالشيفه","negative"
"يالقبيحه","negative"
"ياللاسف","negative"
"يالمشافيح","negative"
"يالوصخين","negative"
"يبتلع","negative"
"يبخس","negative"
"يبرر","negative"
"يبطون","negative"
"يبطي","negative"
"يبعدها","negative"
"يبكي","negative"
"يبلانا","negative"
"يبلشكم","negative"
"يبلشون","negative"
"يتباكون","negative"
"يتبجح","negative"
"يتجاهل","negative"
"يتحسف","negative"
"يتحقق","negative"
"يتحلطم","negative"
"يتحلطمون","negative"
"يتحمل","negative"
"يتخرفن","negative"
"يتدلع","negative"
"يتذمر","negative"
"يتسذبون","negative"
"يتشاكى","negative"
"يتشردون","negative"
"يتصايحون","negative"
"يتصيدون","negative"
"يتضرر","negative"
"يتعاركون","negative"
"يتعب","negative"
"يتعمدون","negative"
"يتفل","negative"
"يتفلسفون","negative"
"يتلذذ","negative"
"يتهكم","negative"
"يتهمونك","negative"
"يتوقف","negative"
"يثور","negative"
"يثير","negative"
"يجادل","negative"
"يجبر","negative"
"يجحدون","negative"
"يجهلون","negative"
"يجيرنا","negative"
"يحاربها","negative"
"يحاربوا","negative"
"يحاري","negative"
"يحاسب","negative"
"يحاصر","negative"
"يحتاج","negative"
"يحتكرون","negative"
"يحذر","negative"
"يحذره","negative"
"يحذفون","negative"
"يحرجني","negative"
"يحرم","negative"
"يحزن","negative"
"يحزنني","negative"
"يحسرتي","negative"
"يحشش","negative"
"يحظهم","negative"
"يختلقون","negative"
"يخرب","negative"
"يخربنها","negative"
"يخزيكم","negative"
"يخسر","negative"
"يخسون","negative"
"يخشى","negative"
"يخفنا","negative"
"يخلف","negative"
"يدافع","negative"
"يدفع","negative"
"يدمر","negative"
"يدهم","negative"
"يذموا","negative"
"يذمونك","negative"
"يرثى","negative"
"يرحل","negative"
"يرحم","negative"
"يرحمك","negative"
"يرفضن","negative"
"يرفعو","negative"
"يرقصون","negative"
"يزعجون","negative"
"يزعل","negative"
"يزعمون","negative"
"يزيلكم","negative"
"يسبها","negative"
"يسبون","negative"
"يسبونها","negative"
"يستحلون","negative"
"يستغل","negative"
"يستنزف","negative"
"يستنفع","negative"
"يستنكر","negative"
"يستهبلون","negative"
"يستهترون","negative"
"يسخرون","negative"
"يسخط","negative"
"يسرق","negative"
"يسب","negative"
"يسكت","negative"
"يشتكي","negative"
"يشتم","negative"
"يشغل","negative"
"يشغلكم","negative"
"يشغلون","negative"
"يشفطون","negative"
"يشفيكم","negative"
"يشككون","negative"
"يشكون","negative"
"يشل","negative"
"يصدع","negative"
"يصرفون","negative"
"يصعب","negative"
"يصيح","negative"
"يصيحون","negative"
"يضر","negative"
"يضلوك","negative"
"يضيع","negative"
"يضيق","negative"
"يطاردهم","negative"
"يطبل","negative"
"يطبلون","negative"
"يطردوني","negative"
"يطقطق","negative"
"يطقطقون","negative"
"يطقطون","negative"
"يطلق","negative"
"يطير","negative"
"يع","negative"
"يعات","negative"
"يعارض","negative"
"يعارضه","negative"
"يعاقبون","negative"
"يعانون","negative"
"يعاني","negative"
"يعبث","negative"
"يعتين","negative"
"يعري","negative"
"يعطل","negative"
"يعقبون","negative"
"يعه","negative"
"يغبن","negative"
"يغرقون","negative"
"يغركم","negative"
"يغفلون","negative"
"يفاقم","negative"
"يفبركون","negative"
"يفتقد","negative"
"يفسدوا","negative"
"يفشل","negative"
"يفشلون","negative"
"يفضح","negative"
"يفكونا","negative"
"يقتلون","negative"
"يقذفها","negative"
"يقشعر","negative"
"يقشونهم","negative"
"يقطع","negative"
"يقلعك","negative"
"يقلعهم","negative"
"يقلعون","negative"
"يقلقهم","negative"
"يقهر","negative"
"يقهرني","negative"
"يقهرونا","negative"
"يكذب","negative"
"يكذبون","negative"
"يكسر","negative"
"يكنسلون","negative"
"يلاحق","negative"
"يلطمون","negative"
"يلعنك","negative"
"يلعنكم","negative"
"يلغي","negative"
"يلهونهم","negative"
"يلومون","negative"
"يمانع","negative"
"يمتعضون","negative"
"يمتنع","negative"
"يمحقهم","negative"
"يمحيهم","negative"
"يمل","negative"
"يمنعونها","negative"
"يموت","negative"
"يموتون","negative"
"يناقض","negative"
"ينتقد","negative"
"ينتقدون","negative"
"ينتقم","negative"
"ينحبسون","negative"
"ينرفز","negative"
"ينسجنون","negative"
"ينسف","negative"
"ينسلخون","negative"
"ينفجر","negative"
"ينقلع","negative"
"ينكد","negative"
"ينكدون","negative"
"ينكرش","negative"
"ينهبون","negative"
"يهايط","negative"
"يهجون","negative"
"يهدد","negative"
"يهرب","negative"
"يهول","negative"
"يوجعكم","negative"
"يوسوس","negative"
"اجلد","negative"
"احرج","negative"
"الضجه","negative"
"الفقراويه","negative"
"جلدهم","negative"
"يخسر","negative"
"واسطه","negative"
"اخطا","negative"
"اخطر","negative"
"ارهاب","negative"
"اصعب","negative"
"اعاني","negative"
"اعاني","negative"
"اقل","negative"
"التعاسه","negative"
"الجريمه","negative"
"الخوف","negative"
"الزحمه","negative"
"الصراخ","negative"
"الضغط","negative"
"الظالمين","negative"
"العفن","negative"
"الفساد","negative"
"المشكله","negative"
"تفضح","negative"
"تفضح","negative"
"تفضحهم","negative"
"تفضحهم","negative"
"حذفت","negative"
"حرام","negative"
"خسر","negative"
"سفاح","negative"
"سفاح","negative"
"صفعه","negative"
"ضد","negative"
"ضد","negative"
"ضررا","negative"
"ظلم","negative"
"عجز","negative"
"غروره","negative"
"غروره","negative"
"غش","negative"
"فضح","negative"
"فضحت","negative"
"مدلع","negative"
"مشكله","negative"
